Stress,ECG_Rate_Mean,HRV_MeanNN,HRV_SDNN,HRV_RMSSD,HRV_SDSD,HRV_CVNN,HRV_CVSD,HRV_MedianNN,HRV_MadNN,HRV_MCVNN,HRV_IQRNN,HRV_Prc20NN,HRV_Prc80NN,HRV_pNN50,HRV_pNN20,HRV_MinNN,HRV_MaxNN,HRV_HTI,HRV_TINN,HRV_SD1,HRV_SD2,HRV_SD1SD2,HRV_S,HRV_CSI,HRV_CVI,HRV_CSI_Modified,HRV_PIP,HRV_IALS,HRV_PSS,HRV_PAS,HRV_GI,HRV_SI,HRV_AI,HRV_PI,HRV_C1d,HRV_C1a,HRV_SD1d,HRV_SD1a,HRV_C2d,HRV_C2a,HRV_SD2d,HRV_SD2a,HRV_Cd,HRV_Ca,HRV_SDNNd,HRV_SDNNa,HRV_DFA_alpha1,HRV_MFDFA_alpha1_Width,HRV_MFDFA_alpha1_Peak,HRV_MFDFA_alpha1_Mean,HRV_MFDFA_alpha1_Max,HRV_MFDFA_alpha1_Delta,HRV_MFDFA_alpha1_Asymmetry,HRV_MFDFA_alpha1_Fluctuation,HRV_MFDFA_alpha1_Increment,HRV_ApEn,HRV_ShanEn,HRV_FuzzyEn,HRV_CD,HRV_HFD,HRV_KFD,HRV_LZC
0,75.76175618003549,103.66666666666667,9.540889446407574,8.13106916181911,8.249573454723217,0.09203430334155216,0.07843475075709751,104.0,8.8956,0.08553461538461539,12.5,95.0,110.0,0.0,0.0,85.0,129.0,2.5714285714285716,31.25,5.83332933173132,12.37804372211355,0.4712642371193111,226.83934319264824,2.1219518079977444,3.062688491089323,105.06244902245591,0.4722222222222222,0.48484848484848486,0.8125,0.1,50.471698113207566,50.434965568695965,50.504746344405625,63.63636363636363,0.6019878997407088,0.39801210025929146,4.526068284686727,3.680233368559503,0.3177535025374347,0.6822464974625654,6.977457270667129,10.22404305656862,0.36940940686800605,0.6305905931319938,5.88090996707281,7.683592065877386,1.3049871499671775,2.700749520714729,1.8482249399314181,2.134462853007508,-1.2857382479340345,-1.0928209483463975,-0.39401537947867915,0.002528405541174178,0.5005673625897453,0.08983769407988218,4.2600670152711055,1.2840385019149894,2.200769927205388,1.683537641302686,2.507938581893314,1.43609027817842
0,74.0982850278765,105.41666666666667,9.050256507809204,5.776800894217194,5.859991109064869,0.08585223564720193,0.054799692277159154,109.5,5.9304,0.05415890410958904,11.25,98.0,112.0,0.0,0.0,82.0,117.0,2.0,0.0,4.143639450912647,12.291009216619488,0.3371276823476593,159.99977660797185,2.966235205119587,2.9110894862552605,145.83209697914415,0.4444444444444444,0.48571428571428577,0.6470588235294118,0.2857142857142857,51.17647058823529,51.111970371216174,51.23079191246678,54.285714285714285,0.5796232876712327,0.4203767123287672,3.1552943369741553,2.687115225533531,0.36045665779829045,0.6395433422017095,7.379281368629804,9.829298756555232,0.3828317697526336,0.6171682302473664,5.674930654657734,7.205404300971333,1.4915878450670546,0.8568125037439085,1.763616781532058,1.6620386107163432,0.7497147192867519,0.29793644843573386,-0.618553557950965,0.0006978423053857352,0.07184252732778486,0.30503274789056345,4.2736843762620245,1.115115576873756,1.5376825281941473,1.6915585902662706,2.286333008236831,0.861654166907052
0,81.16816410503276,95.9,7.8798672382412445,5.837544267662823,5.913341807813276,0.08216754158749993,0.06087116024674476,95.5,8.1543,0.08538534031413612,11.25,89.0,103.0,0.0,0.0,83.0,116.0,3.076923076923077,0.0,4.181364091778685,9.834151021607786,0.4251881105538558,129.18281127824247,2.3519001947100224,2.8181748413946752,92.51576681010847,0.45,0.4594594594594595,0.6470588235294118,0.2,49.152542372881356,49.243957905014305,49.04722179385085,54.054054054054056,0.580135440180587,0.41986455981941323,3.185080350965304,2.7096319423785022,0.4450340136054421,0.5549659863945579,6.560447674070003,7.326053004966518,0.46572185735683813,0.5342781426431618,5.15675336458492,5.523276106385451,1.1046035149182307,1.8308862927160972,1.3536660827080658,1.6721260322749605,-0.8729287594915522,-1.0119057157078455,-0.3260624098646436,0.0011402174642247238,0.21120803005942163,0.2964311848793697,4.434183719779189,1.1817481080070036,1.9369618379630273,1.6913163072018789,1.939819768655125,0.7982892142331044
0,89.687067254132,86.02272727272727,10.433596531160905,3.6758166313047695,3.604322494214888,0.12128883682194977,0.04273076136787579,85.0,8.8956,0.10465411764705883,11.0,75.6,94.0,0.0,0.0,72.0,112.0,3.3846153846153846,0.0,2.548640877242558,13.994125487959488,0.18212219687721126,112.04804439935656,5.490818896030619,2.756374391056166,307.3568346508466,0.5,0.4871794871794871,0.7894736842105263,0.2857142857142857,33.88429752066114,34.30692583158697,33.35519588206574,66.66666666666666,0.3838209982788296,0.6161790017211702,1.629344010564345,2.064438122566225,0.22166598709893093,0.778334012901069,6.588632642269147,12.346070957109509,0.2271977252431936,0.7728022747568064,4.79921045587378,8.851196891943136,1.610739749617885,1.5376610363523575,1.8993158859020203,2.032055208658196,-0.2719331829987368,-0.4323908559501044,-0.4136745227862049,0.000641166889489317,0.14973085009723422,0.3689311165082647,4.5443256525806985,0.6480801452666126,1.3861981435448436,1.457009156462303,1.4170273400470923,0.9926239306613268
0,96.68632592105267,80.97872340425532,6.967281803270156,3.24037034920393,3.2672433682009574,0.08603842479077702,0.04001508313520355,80.0,4.4478,0.0555975,6.0,77.0,83.0,0.0,0.0,72.0,103.0,1.9583333333333333,0.0,2.310289941441673,9.590769012000335,0.2408868296745496,69.60970469613768,4.151327000114747,2.549639901327666,159.2576734055233,0.5106382978723404,0.4594594594594595,0.6470588235294118,0.25,55.55555555555556,55.98372283535114,55.122933540752285,54.054054054054056,0.6563146997929604,0.34368530020703925,1.876758434701233,1.3581032524975576,0.47572322288236035,0.5242767771176398,6.615011562107333,6.944384225741847,0.4856788373548391,0.5143211626451609,4.862129172956839,5.003444649397884,1.6568856218466614,0.834849407388063,1.8237213712642346,1.6659685704669602,0.5050735017346284,0.44496531052755905,-0.6889595888806161,0.0002475356570295582,0.04004516001555122,0.4669643906945993,3.8152568099360535,0.756186114131844,1.2879077011579794,1.424216130205952,1.4352872864180686,0.7090964491503368
0,88.28025819615743,88.51162790697674,11.3271105318659,5.671566509057851,5.739860018446347,0.12797313527856902,0.06407707826838875,87.0,11.8608,0.1363310344827586,18.0,78.4,99.6,0.0,0.0,73.0,113.0,3.5833333333333335,0.0,4.058693942104953,15.691762710321193,0.2586512437787097,200.08194849642788,3.8662099025340657,3.00817801807811,242.67059351543435,0.3023255813953488,0.28205128205128205,0.45454545454545453,0.0,49.142857142857146,49.09087266607216,49.20236125154606,58.97435897435898,0.592153960029608,0.4078460399703924,3.123475237772121,2.5922021902471166,0.4975046805051603,0.5024953194948396,11.068029744427799,11.123404808487741,0.5034405879403407,0.49655941205965914,8.13195486904945,8.076188665720055,1.7327300572382025,0.8046054056332661,1.904754719643054,1.749570125172725,0.27483765530169535,0.18899681927736278,-0.6928704348539528,0.000454976935366571,0.035583347806079475,0.4052239020162056,4.553944405764263,0.7751240743101506,1.4880654926600168,1.4550447928282595,2.2462954475015646,0.7571532215863394
0,70.3479515134774,111.70588235294117,8.867815185690212,5.477225575051661,5.512898099416082,0.07938539134109195,0.049032561756649946,114.5,8.8956,0.07769082969432314,13.5,103.6,119.4,0.0,0.0,93.0,124.0,2.8333333333333335,0.0,3.8982076300875415,11.611490194865365,0.33571983997466065,142.2010488489057,2.9786741232674174,2.8598729096439506,138.34738150407523,0.5294117647058824,0.5483870967741935,0.8823529411764706,0.1111111111111111,58.333333333333336,58.87779961839905,57.814459796273354,45.16129032258064,0.6343434343434343,0.36565656565656557,3.132491021535417,2.378287198805056,0.5650619003197018,0.43493809968029823,8.72842677028899,7.657758853682781,0.572192513368984,0.42780748663101603,6.557359753906198,5.669987683459154,1.3112016770820367,0.6178423407032505,1.5093085851197485,1.429600104158992,-0.2877430006688755,-1.2877430006688755,-0.6290110368124485,0.0020445565422996504,0.07870034751739734,0.2568295471592723,4.278351811711312,1.12458253838551,2.0560836203779873,1.6448995461039095,1.7833123949143415,0.5985250401470987
0,75.06526460376064,103.1891891891892,13.827986592892445,7.4962953813496735,7.558606993523323,0.13400615608617614,0.07264613124932895,102.0,16.3086,0.15988823529411764,22.0,89.0,119.6,0.0,0.0,85.0,130.0,3.3636363636363638,0.0,5.344742261444404,18.764994004795206,0.28482515156032606,315.08307107769343,3.510925894436678,3.205395179797015,263.530013441538,0.43243243243243246,0.45454545454545453,0.6,0.1111111111111111,43.062200956937794,42.928794726908016,43.2322009753409,60.60606060606061,0.4814631735046961,0.5185368264953039,3.7301857479602427,3.871138629100524,0.3966288858461383,0.6033711141538618,11.817907870201536,14.576078127240828,0.40306340041429595,0.5969365995857039,8.762911392421389,10.664140093255124,1.3305424333087457,1.5535139390103652,1.6238243661805423,1.8407035606423578,0.012152494140853953,-0.3415292765865008,-0.36039443289451645,0.0023430167309111826,0.21946579779297284,0.29207904394998074,4.519999987133628,0.94525432212461,1.40125458265366,1.6552917344291576,1.9946861210762532,1.1263682952711243
0,80.93613016339465,96.82051282051282,7.482863914416286,5.3113582364391005,5.365714878682728,0.077285935556736,0.054857778395425036,96.0,8.8956,0.0926625,11.0,89.6,103.4,0.0,0.0,85.0,114.0,3.0,23.4375,3.7941333766301106,9.829846847583212,0.38598092477533813,117.16805424649408,2.5908016065354897,2.7757793278243774,101.86873201886563,0.46153846153846156,0.4864864864864865,0.6666666666666666,0.2857142857142857,54.87804878048779,55.07053246143675,54.68415933480156,56.75675675675676,0.6343283582089553,0.36567164179104483,3.0313675443913413,2.301585822275002,0.4570861407434498,0.5429138592565503,6.645777209655116,7.242895438053094,0.48019443066905276,0.519805569330947,5.165052947916436,5.373864141559015,1.2365439741253603,2.051882200068323,1.5523901108835856,1.7302100893139856,-0.8553274864245743,-0.4751365949697792,-0.4133381154022979,0.0007750679084941848,0.2301781176180036,0.26071217008004277,4.252974975106083,1.295080372854102,1.944421207829902,1.7515272820047894,1.9453120494791871,1.0841850705358458
0,72.865141508159,107.14285714285714,7.059173660784189,5.8435484787523935,5.9144977320529835,0.06588562083398576,0.05453978580168901,107.0,5.9304,0.05542429906542056,8.0,102.6,112.2,0.0,0.0,90.0,124.0,2.6923076923076925,23.4375,4.182181453647121,8.998935369790212,0.4647418035345461,118.23440690866678,2.151732407962018,2.779713987151284,77.45320348933308,0.5428571428571428,0.5625,0.8333333333333334,0.09090909090909091,54.545454545454554,54.35926705769213,54.7268462028783,53.125,0.5977605512489232,0.4022394487510767,3.2427074359478554,2.6600296193383968,0.414735970493876,0.5852640295061239,5.795314171992951,6.884415112234225,0.4473981568033529,0.5526018431966472,4.6957862955661565,5.218760820985982,1.0108462978409576,2.2622921134453153,1.4078318863807433,1.629543785845158,-0.9056842998175032,-0.646317032820797,-0.4019967854077152,0.0014234021177575342,0.3210724534298955,0.2948011217862043,4.150292659616669,1.362499618409529,1.7824649592367823,1.85478190087372,2.4071747446191387,1.3189584900715627
0,70.62989480162028,110.65714285714286,8.543807035242672,7.043979490233027,7.122370672245996,0.07720972017389453,0.06365589521253703,110.0,5.9304,0.05391272727272727,7.5,103.0,114.2,0.0,0.0,95.0,131.0,2.5,15.625,5.036276600469333,10.735621317016944,0.46911831665358505,169.85824436245701,2.131658399385071,2.9370567409101285,91.53870941214635,0.5142857142857142,0.53125,0.6470588235294118,0.2222222222222222,55.67567567567567,55.33489115508598,56.01745476783654,46.875,0.6301126259632485,0.36988737403675165,4.013235677861519,3.074824459143229,0.5099921691143775,0.49000783088562244,7.66670826654651,7.5149949712595285,0.5317964495560967,0.4682035504439035,6.119006302104664,5.741502193355039,1.0330663982509742,2.643742119938153,1.6769979360159466,1.736109997872312,-0.2540556592120584,0.20622820167330724,-0.4776407610218245,0.004836708687082095,0.5974289191369152,0.1999495171587058,4.2861465882499115,1.3623681873339437,1.6611438348896403,1.820958368639696,2.3761600055542025,1.172407546730278
0,69.28594773667905,112.3030303030303,8.19101965754588,5.548085255293037,5.597288369985433,0.0729367643548338,0.04940280988253379,113.0,11.8608,0.10496283185840707,16.0,104.0,121.0,0.0,0.0,97.0,127.0,3.3,23.4375,3.957880562673297,10.737685181849772,0.36859718790819274,133.51289832327066,2.7129886846805573,2.8324933337150617,116.52487359208207,0.5757575757575758,0.6071428571428572,0.8235294117647058,0.25,42.44604316546763,42.31439358269367,42.58562152711068,60.71428571428571,0.4720812182741117,0.5279187817258882,2.7386127875258306,2.8960484758017344,0.4362337487049237,0.5637662512950763,7.092025644833485,8.062323196048414,0.4405750400544049,0.5594249599455952,5.375724497543369,6.0575635403903885,1.3245365120476806,0.515713982285773,1.5217828827265683,1.5822915668037332,-0.004116105590584951,-1.004116105590585,-0.3826700726457419,0.0003196858267160787,0.02814852597138172,0.25301136105335775,4.051821770808045,1.2653272763842667,1.572802115893676,1.7068390614238198,2.0275574020700553,1.0700229950154296
0,73.49124282139066,106.16666666666667,7.153420760127882,5.406345478099918,5.485197804818273,0.06737915943605541,0.05092319131648274,106.0,8.8956,0.08392075471698113,11.25,101.0,114.0,0.0,0.0,93.0,116.0,2.4,15.625,3.8786205639365647,9.432733993293528,0.4111873150132486,114.9382963851998,2.4319816382657122,2.76743486569674,91.76094348133869,0.5833333333333334,0.5666666666666667,0.8235294117647058,0.2222222222222222,50.340136054421755,50.34258349359335,50.33547093114763,50.0,0.5298142717497555,0.4701857282502443,2.823223022592108,2.6596107632066586,0.4388966018775617,0.5611033981224381,6.249117584766291,7.065762520775801,0.45204569231204234,0.5479543076879576,4.848817320931436,5.3384702589676705,1.4228158766493326,1.793145293134283,1.7304462860087044,2.1900842700662095,-0.605379970905016,-1.3079457428179122,-0.24366941384092056,0.0034041723424092537,0.32093914190057393,0.29921920393606527,3.840083251972112,1.4245931890909513,1.811203115261057,1.7901342879300917,2.792964593659643,1.0052631947248942
0,70.37614587213814,110.91176470588235,7.472647687273268,4.738622738153508,4.80963364068156,0.0673747073368579,0.04272425698679907,110.0,7.412999999999999,0.06739090909090908,9.75,103.6,118.4,0.0,0.0,98.0,129.0,2.6153846153846154,0.0,3.4009245623488735,10.06559923098411,0.3378760155560422,107.5440793555755,2.959665539900194,2.738556616047608,119.16322872955827,0.4117647058823529,0.4375,0.6428571428571429,0.0,51.908396946564885,52.01843772526282,51.79659585541534,43.75,0.4534412955465586,0.5465587044534413,2.2912878474779195,2.515576474687263,0.581652561695089,0.418347438304911,7.67664499544782,6.5104077823630835,0.5685035844514608,0.4314964155485393,5.664842380249165,4.9352575663613445,1.4605912455881511,0.9749403369011209,1.5449017089545531,1.9480614140387116,-0.6383485726938112,-1.6228132252982066,-0.08647756193408258,0.0004903528638522857,0.07387665471702143,0.21209834247368464,4.292770193936991,1.1179426646335546,1.6623955941140942,1.7440913554185713,1.8604314965675577,0.8977875602206481
0,75.08165052982876,103.89189189189189,7.556394583337949,6.269414291268009,6.357784879297864,0.07273324650975653,0.06034555899503547,105.0,7.412999999999999,0.0706,9.0,100.0,110.8,0.0,0.0,85.0,119.0,2.3125,31.25,4.495632801476815,9.85439632773753,0.4562058041873953,139.17804407793318,2.191993154890311,2.8505408388578943,86.40307718390754,0.4864864864864865,0.5151515151515151,0.7058823529411765,0.0,49.17127071823204,49.15337912788577,49.19344037293586,48.484848484848484,0.5378091872791521,0.462190812720848,3.2971849465003586,3.0566087650952554,0.5404947819118384,0.4595052180881615,7.24478960432494,6.67998133030267,0.5400320662784516,0.4599679337215486,5.6284280657375065,5.194468582831615,1.2685990253067532,0.19467734271997283,1.2248177672761515,1.2484600692391346,0.6074337301655541,-0.02684924658125354,-0.3785564789787043,4.954135178968666e-05,0.002168312336944015,0.2773466362972594,4.14162160875525,1.3839740667728968,1.6542265985174138,1.805486202820184,2.595334483451983,1.1263682952711243
0,78.32189250620007,99.60526315789474,6.096252609170833,4.59729650285199,4.657810128718773,0.061204121307395415,0.046155156435502144,99.5,5.9304,0.05960201005025125,7.75,94.0,103.6,0.0,0.0,89.0,115.0,1.8095238095238095,0.0,3.2935691274964296,7.952326042705334,0.4141642470152012,82.28313565767563,2.414501027567685,2.62228094345698,76.80359760666117,0.5526315789473685,0.5454545454545455,0.7222222222222222,0.25,52.17391304347826,52.31918744842423,52.031262950743375,45.45454545454545,0.5115089514066495,0.48849104859335046,2.357022603955158,2.3033791601808753,0.6566696452492142,0.3433303547507858,6.4441797871260915,4.65961761957835,0.6353930778258555,0.3646069221741447,4.851958814971539,3.675431397553256,1.3257029489816299,1.1247813417072452,1.5215127985048085,1.463256767225332,0.46551394208121266,0.5780400761854292,-0.5517932055941226,0.0003034254100410636,0.07305879146130907,0.46255400990206885,4.038080975258399,1.370603138918474,1.9388699668232945,1.65588438477214,1.9395621680994186,1.242930200552428
0,69.66960265453379,112.47058823529412,9.089572094197557,5.731359773080456,5.787591219256256,0.080817325105313,0.05095874275228439,114.0,10.3782,0.09103684210526315,15.75,102.0,121.0,0.0,0.0,96.0,127.0,3.090909090909091,23.4375,4.092444997871818,12.127557524710056,0.33745005863987104,155.92152265024362,2.9634014705186544,2.8998761771909676,143.75528721010141,0.47058823529411764,0.5151515151515151,0.7058823529411765,0.125,56.41025641025641,56.438068819058664,56.368464327468246,42.42424242424242,0.5147601476014758,0.4852398523985238,2.952752952754429,2.8668362352949286,0.5687947504976234,0.4312052495023766,9.146419851359164,7.963708647220496,0.563214710616558,0.43678528938344185,6.7961660551128755,5.984956366499865,1.4576641870151104,2.0580663024129136,1.845408131062947,2.258426863615068,-0.9591316002753985,-1.4646684325141726,-0.2993170909664619,0.002595159990250803,0.3468199013626838,0.16924252419272134,4.395998870534843,1.1659070493402754,2.045207779683233,1.7066219808114669,2.0510406067534466,1.0474188202574226
0,69.24155884466045,112.39393939393939,8.849220989511569,4.815340071064556,4.842270195389895,0.07873396944024852,0.04284341395123493,112.0,10.3782,0.0926625,14.0,105.0,120.6,0.0,0.0,91.0,127.0,2.75,31.25,3.4240020914977034,11.875615433967363,0.2883220756462156,127.74385543353351,3.468343510494999,2.813310129410509,164.7548548941398,0.48484848484848486,0.5,0.7142857142857143,0.125,40.67796610169492,41.2504455074539,40.10251061144034,60.71428571428571,0.41509433962264164,0.5849056603773585,2.2288431832418967,2.6457513110645903,0.44123609741104486,0.558763902588955,7.888449376686675,8.877083325447355,0.4391912481716237,0.5608087518283763,5.796351244706978,6.549908715659153,1.6791666492839916,1.6756831431779267,2.006103260390822,2.130018718932073,-0.17013375322434676,-0.23867589709809334,-0.426050781709097,0.001183231876489535,0.1981883064534086,0.15398718094414976,4.3468319978840935,0.8450062633606421,1.656285832580494,1.466257785728051,1.5210134308179972,0.7643021392967354
0,71.1604225584659,109.71428571428571,9.303925258195276,5.210283948455152,5.278432895513787,0.0848014020929257,0.047489567238523524,108.0,8.8956,0.08236666666666667,14.5,102.0,119.4,0.0,0.0,94.0,126.0,2.6923076923076925,0.0,3.732415694455942,12.730670223887511,0.29318296906729474,149.27639827418076,3.4108393239256287,2.880961257877352,173.68908247825843,0.4857142857142857,0.48387096774193544,0.6666666666666666,0.2857142857142857,53.642384105960275,53.53102955543479,53.73851306792751,48.38709677419355,0.570964247020585,0.429035752979415,2.8257474205683146,2.449489742783178,0.5221103184801974,0.47788968151980254,9.198826050237443,8.800657000863577,0.5259910120978737,0.4740089879021264,6.804529711426627,6.4595496610386505,1.5578836846009945,1.3772019611431725,1.8129411711186703,1.8761382221201788,-0.05356744858683804,-0.14792016026700416,-0.4541119946205634,0.00038949060760464996,0.1124315688776015,0.16555261723701475,4.557854445516395,1.115591238312372,2.082784378758701,1.512546415707155,2.426083805231772,0.8793056600477085
0,69.80200189726514,111.52941176470588,8.414400693895741,5.169842621131974,5.248556800192648,0.0754455758418922,0.046354074134622135,114.5,5.9304,0.05179388646288209,9.75,106.0,118.0,0.0,0.0,89.0,122.0,2.125,23.4375,3.7112901048589886,11.482983127878901,0.3231991254823455,133.8842540132511,3.0940677778988124,2.833699613058418,142.1165123605033,0.5,0.5161290322580645,0.8125,0.0,48.50746268656717,48.54598203078031,48.47471114857191,48.38709677419355,0.5317460317460317,0.46825396825396837,2.707050978463464,2.540300179112697,0.33910686767562875,0.6608931323243713,6.686872143831692,9.335129482080003,0.357335415587906,0.6426645844120941,5.1010971402215155,6.8409709635109275,1.6683183426806012,0.2615961191802503,1.4334923816975587,1.5375202830904762,0.9719160042532176,0.6608235218245877,-0.10233392712818504,0.0007831061127489852,0.022488026989819488,0.26227869420561145,4.219528282299548,1.1387399248230383,1.8204144028718845,1.5526138840385497,1.8831186932763995,0.8977875602206481
0,67.25484063851086,116.125,6.6466096135427355,5.453616734229769,5.5402728864121835,0.05723668127916241,0.04696333032705936,114.0,7.412999999999999,0.06502631578947368,10.25,110.2,122.0,0.0,0.0,106.0,130.0,2.2857142857142856,0.0,3.917564527606021,8.640676496813235,0.4533863209727684,106.3441922720852,2.205624549621255,2.733683886917434,76.23235282682663,0.53125,0.5517241379310345,0.8125,0.0,47.85714285714285,47.79200412248634,47.92558387241932,51.724137931034484,0.4956616052060738,0.5043383947939264,2.7598309126949543,2.7838821814150108,0.5644692065217645,0.4355307934782354,6.491840979743587,5.7023934462909915,0.5527245939712719,0.44727540602872806,4.988018944077139,4.487053098432336,1.452255084674236,0.9790866995902974,1.5750631588162083,1.701878498111606,0.22041483325725508,-0.07032070027707515,-0.3704758839554617,0.0006587190784439113,0.06569070855862524,0.3373706157773859,3.9917292966721742,1.3082444865098095,1.7645581059605109,1.677581471291278,3.0351606821375086,1.25
0,72.65593121005392,107.27777777777777,9.151459246983856,5.461553938996797,5.536433946172946,0.08530619702004631,0.05091039404554239,110.0,9.636899999999999,0.08760818181818181,13.0,97.0,115.0,0.0,0.0,90.0,122.0,2.4,23.4375,3.9148499869302866,12.48804470300301,0.31348782615975734,153.58876291422501,3.189916534399608,2.8933295523313287,159.343281121723,0.5,0.5151515151515151,0.6470588235294118,0.2857142857142857,47.333333333333336,47.429370338325064,47.2485438606797,45.45454545454545,0.35153256704980856,0.6484674329501916,2.3231570811138478,3.1552943369741553,0.6023266572958893,0.3976733427041107,9.69193486567962,7.875129145837891,0.5798495266874288,0.42015047331257127,7.047363346107026,5.998897457723652,1.6830821369731273,1.7116369417184574,2.0729192729819,2.203363591249095,-0.052244280109080776,-0.3068666308486323,-0.42378972719750313,0.0016222176007021655,0.238758060694365,0.1652355796220557,4.537844793048883,1.0098422130310094,1.8306285321303195,1.449164870364872,2.116017905400769,0.861654166907052
0,71.74169294989827,109.17142857142858,10.222483047863937,5.672430747769011,5.712980497740031,0.09363698159519439,0.05195893121484307,108.0,13.343399999999999,0.12355,16.0,98.6,119.0,0.0,0.0,93.0,128.0,3.5,31.25,4.039687250738473,13.774411161717582,0.2932747689400866,174.8117654262597,3.409771674576926,2.94954076873929,187.87038805280346,0.5714285714285714,0.5666666666666667,0.7647058823529411,0.4,57.4074074074074,57.549687442991306,57.253551193767095,46.666666666666664,0.6553930530164533,0.34460694698354655,3.296003089142418,2.390004437678142,0.4911395266198287,0.5088604733801714,9.653292951125623,9.825901386223975,0.5043362912816761,0.49566370871832405,7.212825422949318,7.150540513273086,1.5639259681539728,0.6448225590334706,1.6616019294297608,1.6750941068086669,0.3618261850088782,-0.07881256856590202,-0.4790761393349364,1.9152336771029753e-05,0.017953801776110966,0.44696222566737864,4.47914337402601,1.121977739912354,2.288817484663512,1.503240039120301,1.8221526372546193,1.0258566033889933
0,70.3223398513766,110.76470588235294,9.515724859822459,5.810127000124503,5.879632280812785,0.0859093587981847,0.05245467817425201,112.5,11.119499999999999,0.09883999999999998,15.0,101.2,120.0,0.0,0.0,91.0,123.0,2.8333333333333335,23.4375,4.157527856646047,12.839739152924855,0.3238015825032532,167.70315820329793,3.088311033779315,2.9315113513236906,158.61243238730444,0.5882352941176471,0.625,0.8,0.3333333333333333,45.061728395061735,44.980546426792316,45.161388066600665,59.375,0.5179533213644524,0.48204667863554757,3.0026030373660784,2.896657556564117,0.349615744325982,0.6503842556740179,7.5919212036205606,10.354787972390746,0.36569191646293764,0.6343080835370623,5.772906224856916,7.603034228292283,1.5136797772408723,1.4228123526466918,1.7209867775599479,1.9470220635579927,-0.28025721473179743,-0.5380882377435894,-0.3411348583124277,0.000965490159855358,0.13835481533792773,0.17927294150292683,4.160704752887783,1.0692957736993043,1.8587542346868309,1.6051596603047569,2.1480128860213825,0.8977875602206481
0,70.0074186997726,112.02941176470588,6.982598691889619,5.385164807134504,5.464416573143787,0.06232826346134078,0.04806920541942061,113.0,2.9652,0.02624070796460177,4.0,107.6,116.4,0.0,0.0,94.0,123.0,1.7,15.625,3.8639260140981273,8.44085932003407,0.4577645317375733,102.46259171853244,2.1845292299170063,2.7175354468117163,73.75721564092724,0.6176470588235294,0.6451612903225806,0.85,0.4,52.44755244755245,52.79068088033431,52.14244355455023,48.38709677419355,0.5987460815047022,0.4012539184952978,2.992177300896456,2.449489742783178,0.6263992969381207,0.37360070306187965,6.680551140776954,5.159296707504791,0.6216023586352661,0.37839764136473397,5.176045234758689,4.038461496416041,0.8108918872045249,1.902234583512573,1.1722552493509375,1.1474277900420378,-0.3627689694570684,0.12491360473196655,-0.5130517337472934,0.0005449919112487025,0.2003369856636284,0.41439584021046993,3.8751310486364092,1.3067626809840096,1.5140325542069804,1.8088107225724666,1.8393389866448562,1.3466813403309723
0,69.47618181646408,112.60606060606061,8.08911071263165,6.766184301362179,6.873790216138683,0.07183548264715943,0.06008721257937349,114.0,4.4478,0.03901578947368421,8.0,108.0,117.0,0.0,3.0303030303030303,92.0,125.0,1.8333333333333333,23.4375,4.860503674285406,10.520118015712377,0.46201988105323294,160.6392841966652,2.164409024391706,2.9128218702291875,91.07935348349454,0.5151515151515151,0.5625,0.8888888888888888,0.125,49.06832298136646,48.98762843855472,49.15221332524967,56.25,0.6491467576791806,0.3508532423208192,3.916466478526192,2.8792920276771445,0.25642234999430724,0.7435776500056929,5.3271944544993275,9.07159756098493,0.3255181456531122,0.6744818543468878,4.675345464961265,6.729940745991486,1.1368752414257493,1.8374380622362572,1.406877514314977,1.4711610444767687,-0.3855574518942593,0.13370063644150632,-0.4650145866230967,0.0005854947532309507,0.17854363275614246,0.4237837596021974,4.1272831343132905,1.2053288362933028,1.5513634624794765,1.883374292339831,2.60822757466965,1.2228834228747765
0,71.18180534063018,109.45714285714286,6.554490410231381,4.585783658733356,4.650053188126607,0.059881797013338116,0.041895700353867776,109.0,5.9304,0.05440733944954128,8.0,104.6,115.2,0.0,0.0,95.0,122.0,2.5,0.0,3.288084142202448,8.772145390915401,0.3748323808686128,90.61469154718333,2.6678591579592545,2.6641687264090894,93.61139366441488,0.45714285714285713,0.45161290322580644,0.6428571428571429,0.0,47.28682170542634,47.30518709322622,47.27597643189586,51.61290322580645,0.4069930069930069,0.5930069930069931,2.099783538627472,2.534608929251695,0.447288102335915,0.5527118976640849,5.866775832281922,6.5216160645281045,0.4423153185086265,0.5576846814913734,4.406140577383916,4.947510410163553,1.4563282963732684,0.8595447390196806,1.5899402428738783,1.6443008438678275,0.17790677663495202,-0.196932507301959,-0.4367565194384785,6.975868893237617e-05,0.03631921436565628,0.12132898539399939,4.128724445269142,1.1843426649897757,2.107327545537517,1.5926012246733154,2.2649595358785293,1.172407546730278
0,88.09186917806835,88.04651162790698,11.684245576175869,4.8057505236162745,4.852289711791173,0.1327053776480619,0.054581952592577865,85.0,11.8608,0.13953882352941177,16.5,77.4,99.0,0.0,0.0,74.0,115.0,3.5833333333333335,0.0,3.431086959489257,15.671608186012321,0.2189364945042252,168.92548053064564,4.567534536736183,2.934665272968074,286.322446543235,0.5348837209302325,0.48571428571428577,0.7058823529411765,0.2857142857142857,44.85294117647059,45.56555064883119,44.08366035848951,57.14285714285714,0.4690721649484536,0.5309278350515465,2.355584956609478,2.50609014300724,0.31439941306299635,0.6856005869370037,8.787279257802398,12.976248548069824,0.32150688162978025,0.6784931183702196,6.432925354860304,9.3451461782618,1.3151766000628766,0.801752225057883,1.537758806328969,1.3070158048427367,1.079804016073945,0.9684214161424283,-0.7877983924142821,0.0024677920372170804,0.10510640739381155,0.25783529035950714,4.478476673256436,0.677879889335701,1.3947731016666671,1.4909675554557367,1.472342651188935,0.630961017988616
0,70.01641524471833,111.6470588235294,9.419137041284385,5.723423429869204,5.78857286017683,0.0843652948903238,0.05126353967743755,111.5,9.636899999999999,0.08642959641255604,12.5,105.2,120.0,0.0,0.0,90.0,128.0,3.4,31.25,4.093139122823445,12.708041477026196,0.3220904755640818,163.41239779792852,3.104717698493521,2.9202551125313496,157.81952514765192,0.5294117647058824,0.5172413793103449,0.6666666666666666,0.0,55.78231292517006,55.81020695999418,55.72376987881741,41.37931034482759,0.48473635522664194,0.515263644773358,2.861380785564899,2.9501059303014867,0.5682777712032189,0.4317222287967812,9.579855489429216,8.349891435430228,0.5603675367178388,0.43963246328216116,7.069693458642569,6.261941072202416,1.36271813928466,2.7352026552564572,1.8037295652596426,2.2225997662110335,-1.5328642288193173,-1.2812786686012254,-0.3468595370268398,0.0026445826576926034,0.49766751580426455,0.1705553029437814,4.2639334294856335,1.0898081262272274,2.0731044772380485,1.7566355719489826,1.9819544393940007,0.8977875602206481
0,64.74586757717849,120.41935483870968,6.505250154290185,5.89349924351682,5.992715884985781,0.0540216326769343,0.048941461706140214,122.0,4.4478,0.036457377049180326,7.0,116.0,125.0,0.0,0.0,104.0,129.0,2.066666666666667,15.625,4.237490039997788,8.138033313208823,0.5207019776043345,108.33730464149393,1.920484351914387,2.7417481363958487,62.515862533502144,0.7741935483870968,0.8214285714285714,0.9565217391304348,0.6,51.449275362318836,51.34783427003775,51.55221822274715,50.0,0.5518234165067178,0.4481765834932822,3.1486176496120124,2.837556014941561,0.4601166302197231,0.5398833697802773,5.520182405781846,5.979562894877276,0.4796854521625164,0.5203145478374835,4.493673714042427,4.680111993944383,1.1458398415987714,1.258730898667325,1.3678010293530103,1.3549189597493065,-0.06538660312691924,-0.020694363664865545,-0.5102341728620013,0.00014042263704554868,0.07727607567706261,0.24802263933660784,3.937751955408588,1.212639534847843,2.156912477716082,1.89246349606486,2.239890179302888,1.438315057854254
0,66.44170360715883,117.03030303030303,9.58672535490107,6.670832032063167,6.700986927792921,0.08191660712370152,0.057000895147095935,119.0,8.8956,0.07475294117647059,11.0,109.8,125.0,0.0,0.0,94.0,132.0,3.3,23.4375,4.738313297284785,12.255018721771409,0.38664268124429946,182.426373443881,2.5863673321884293,2.968057734596532,126.78392030938869,0.30303030303030304,0.34375,0.36363636363636365,0.0,40.588235294117645,40.70551645911725,40.46857838281052,43.75,0.2577247191011236,0.7422752808988766,2.432972428678483,4.128969253551568,0.5913151747838694,0.40868482521613053,9.423744247652378,7.834444985179642,0.5470663918774159,0.452933608122584,6.882089453206452,6.262064967827332,1.528005787812858,1.0873095204364622,1.6854786670038024,1.9476469091879545,-0.22522025651301547,-0.8978454168410179,-0.2588835218890443,0.000596581896601348,0.08671120910561383,0.119365544834106,4.498939573903908,1.1412823453499037,1.9237854076260443,1.6725172142784182,1.7614710481362221,1.0700229950154296
0,85.18113960258364,91.46341463414635,5.740633941367494,3.5071355833500366,3.534083132828597,0.06276426442561793,0.0383446823779604,91.0,4.4478,0.048876923076923075,7.0,87.0,95.0,0.0,0.0,82.0,109.0,1.7083333333333333,0.0,2.498974148500099,7.645930709224117,0.32683714298971017,60.02635800178009,3.0596277731857513,2.485312104030433,93.57480779918374,0.4878048780487805,0.47058823529411764,0.625,0.25,43.39622641509434,43.08263729285035,43.70770147400711,52.94117647058824,0.39430894308943076,0.605691056910569,1.5770794168904387,1.9546132150665563,0.48774041097392484,0.5122595890260752,5.3397967645950235,5.472369406671749,0.47864120429937246,0.5213587957006274,3.9370426067264606,4.108974308972358,1.573010076716653,0.4564890881735726,1.2982898263343512,1.3842642094227697,1.0,0.9848333683683066,-0.31166169068267396,0.0012866127054573181,0.04767653195166878,0.49825268325876726,4.034023650801244,0.9763605226351861,1.9249478486705478,1.6496932223864196,2.2162118200130765,1.0453760009010895
0,77.36738926627139,101.28947368421052,18.541273017808415,6.92234923410535,6.918226785951864,0.18305231870010907,0.06834223717744954,95.5,19.273799999999998,0.2018198952879581,31.5,84.4,122.6,0.0,2.631578947368421,80.0,143.0,4.222222222222222,0.0,4.891925074132977,25.61390388191679,0.19098709422372107,393.6456393127304,5.235955885210791,3.3020755547836296,536.453083094983,0.42105263157894735,0.42857142857142855,0.6,0.1111111111111111,62.01117318435754,62.28592926209292,61.61304223940862,42.857142857142854,0.7450648618161309,0.2549351381838691,4.283365758632132,2.5055493963954847,0.45563220173925445,0.5443677982607457,17.289521760240593,18.898267364344253,0.46610276132708583,0.533897238672914,12.595133681705311,13.480027580684263,1.6076643390028935,1.3426162710909209,1.8461757760900763,1.751338753981241,0.21122789339254489,0.4499725343410885,-0.5706359844959848,0.000259191876366884,0.0980210816359748,0.43622212989152276,4.77424330291727,0.6886773488555815,1.3938797049340823,1.3978184659171018,1.4247590772730652,0.6905167780846823
0,67.59430420151791,115.03030303030303,6.429836936525143,4.996874022826671,5.068780950345028,0.0558968964450289,0.043439631916037974,116.0,5.9304,0.05112413793103448,10.0,110.0,120.0,0.0,0.0,98.0,128.0,2.5384615384615383,23.4375,3.5841693823381617,8.147796802936085,0.43989430137072083,91.74419363693451,2.2732733679067376,2.669548697858843,74.08867791692106,0.5757575757575758,0.5555555555555556,0.7333333333333333,0.8,46.61654135338346,46.888225743753345,46.33119728522486,48.148148148148145,0.423028785982478,0.5769712140175219,2.3348689263480735,2.7268083671148844,0.46544339975400695,0.5345566002459933,5.558705013210462,5.957129452852636,0.4585482844181358,0.5414517155818641,4.2632625023048325,4.632649090370006,1.4504118030083362,0.4348205436154897,1.4922888714829763,1.5861242772359154,0.39196844854073376,-0.3508557527869165,-0.2841973956135857,3.699405365335425e-05,0.009348592929778925,0.13874314851669745,4.0895524525606675,1.395741802320193,2.1648709166717626,1.819201126785099,1.753396581601804,1.0700229950154296
0,67.99556760948818,114.6969696969697,5.698052564719198,3.5311117229563838,3.580722354587851,0.049679190128331184,0.030786443027096606,114.0,7.412999999999999,0.06502631578947368,9.0,109.8,120.0,0.0,0.0,104.0,124.0,2.357142857142857,0.0,2.5319530584753305,7.69946452893044,0.32884794117326144,61.24435215119774,3.0409191446727832,2.4940361549548697,93.65379635901435,0.5757575757575758,0.5862068965517242,0.8235294117647058,0.125,46.391752577319586,46.47614541165074,46.31306566086775,48.275862068965516,0.4335839598997494,0.5664160401002506,1.6704258680483732,1.9092305492848631,0.49917328253198984,0.50082671746801,5.439840783932586,5.448842654887529,0.4927503250040266,0.5072496749959736,4.023815995742192,4.082587878297561,1.391320551682913,1.3123135754150215,1.395632265817059,2.025724134437901,-0.560894579314164,-1.5173881694091191,-0.019861807097762696,0.0017017067573327175,0.17009125019436458,0.44912532885895784,3.687000558162356,1.172634311185511,1.9834760109751661,1.5786394839675988,2.0100098498052117,0.9171625671560824
0,70.147640080987,111.11764705882354,10.128761047458186,6.417306146804762,6.51615126226573,0.09115348745727324,0.05775235812370617,111.0,11.8608,0.10685405405405404,15.5,101.6,121.4,0.0,0.0,93.0,131.0,3.7777777777777777,31.25,4.607614744785379,13.689432719503689,0.3365818612936964,198.15794225666312,2.97104542757108,3.0039815936928997,162.68770594929347,0.35294117647058826,0.375,0.5,0.0,50.83798882681564,50.87885586582254,50.792942548349615,56.25,0.5378955114054449,0.4621044885945547,3.3796264586489433,3.132491021535417,0.364462903881535,0.635537096118465,8.264414998570379,10.913295236234706,0.38211446775298663,0.6178855322470135,6.313573879689499,8.02846538615018,1.5151226302373189,1.3235816753979348,1.7354750539368426,1.7806437463250266,-0.18002188365058025,-0.17898652406802906,-0.4658738911033926,0.00016823777753120975,0.08734232773083822,0.3457293488768829,4.454822399946607,1.1989336729801758,2.136844007141742,1.7086443714149773,2.130294039838731,0.8977875602206481
0,74.96619488710296,103.86111111111111,9.502338893369593,5.761944116355173,5.844914474146224,0.09149082646731889,0.055477397215508484,105.0,10.3782,0.09884,13.5,97.0,113.0,0.0,0.0,87.0,118.0,3.0,23.4375,4.1329786601241985,12.635717017162703,0.3270869911466442,164.06386057751357,3.0572906507054145,2.9219830366561084,154.52423800612337,0.5555555555555556,0.5625,0.7222222222222222,0.25,48.68421052631579,48.81685772934101,48.54193956069327,56.25,0.5834767641996557,0.4165232358003441,3.1576238273888984,2.6678918753996625,0.4376857078194468,0.5623142921805533,8.359514854071268,9.475223266096528,0.4517808580176646,0.5482191419823355,6.318705438249685,6.960513738266755,1.4183726448566516,2.524814300262446,1.9811893336176516,2.115040043192075,-0.3250701788436814,0.04441574988299646,-0.4469859190988779,0.004380842851549494,0.532447534286411,0.2319444792790355,4.2736843762620245,1.0226953724699885,1.5894375342970555,1.6063257324163316,1.8089188114363626,1.1488722225427361
0,73.3127917433829,106.22222222222223,8.384036229171693,5.595916878786327,5.672875162123877,0.07892921136249502,0.052681225846314794,106.0,9.636899999999999,0.09091415094339622,12.75,98.0,113.0,0.0,0.0,89.0,120.0,3.0,23.4375,4.011328495962529,11.175002114939737,0.3589555021738947,140.82693115040922,2.7858606260214214,2.8556558253615707,124.5279935508669,0.3611111111111111,0.38235294117647056,0.38461538461538464,0.0,47.59036144578314,47.746425101776474,47.43339570591922,58.82352941176471,0.5428832116788321,0.4571167883211678,2.958039891549808,2.7143409989946967,0.4168371054817275,0.5831628945182723,7.21490803539336,8.533801867264314,0.431245551359028,0.5687544486409722,5.513841580929927,6.332196355473645,1.5331658258660086,1.0499249854119892,1.679873914637414,1.9026492403693416,-0.27258666632345374,-0.9047981117576089,-0.2878178642976947,0.0002628776946841239,0.06690743803462985,0.1271161979083164,4.461320140211009,1.1246668659462018,2.1596375864909017,1.7249155631273903,2.0023758608601177,1.0052631947248942
0,75.61339317409048,102.86486486486487,8.667186401602317,4.651761912317621,4.7136242922250355,0.0842579865631334,0.045222067986272194,103.0,8.8956,0.08636504854368932,11.0,95.2,110.8,0.0,0.0,88.0,120.0,3.0833333333333335,0.0,3.3330357009979634,11.932132820698635,0.27933276900975795,124.94184568767976,3.5799594997215203,2.803678027179718,170.8662089735961,0.4594594594594595,0.48571428571428577,0.7058823529411765,0.0,47.36842105263156,47.27740069047642,47.47050164922923,54.285714285714285,0.5353016688061617,0.4646983311938381,2.4407258873423,2.274077520980446,0.5251958915270991,0.4748041084729009,8.64726441588939,8.221959120093384,0.5259285277894826,0.4740714722105174,6.35343705152769,6.0320825733703005,1.6774624082813845,0.6582868020693713,1.8237742490239006,1.7887809033470417,0.5922376950684658,0.11021775962889624,-0.5531582063727465,0.00011254391970111326,0.02676735704605383,0.16437000652217693,4.465945933079574,1.0073404265554855,2.114717181463937,1.5480188107893669,2.444822157990296,0.9855722583622337
0,84.00521212552614,92.8048780487805,6.74247548084204,3.751666296460814,3.7993757921869755,0.07265216681065009,0.04042531357553045,91.0,7.412999999999999,0.08146153846153846,10.0,87.0,99.0,0.0,0.0,83.0,108.0,1.8636363636363635,0.0,2.6865643869314213,9.194741390097342,0.29218487752410616,77.60445351488974,3.4224906109916553,2.5968567549499166,125.87566431241805,0.6097560975609756,0.5757575757575757,0.7894736842105263,0.375,49.56521739130434,49.53574276359351,49.59368159061089,48.484848484848484,0.43516873889875657,0.5648312611012434,1.7722938923964162,2.019139192062567,0.5587444318074117,0.4412555681925883,6.872996502944489,6.107797336297435,0.5490239525664088,0.45097604743359104,5.018919533650287,4.548742209567669,1.2663870092433336,2.039624264762782,1.6438096960440953,1.52759106705226,-0.38190037134844523,0.46159686771781017,-0.5569804110490674,0.0004767931810664374,0.2169587439120748,0.48836735051885993,3.930007492106357,0.9835704482530648,1.8728777031545834,1.5096532511286178,1.9017983461991868,0.784032000675817
0,73.18343407671561,107.2,6.596790663559329,5.0990195135927845,5.158797411300214,0.06153722633917284,0.04756548053724612,108.0,5.9304,0.054911111111111105,8.0,102.8,112.0,0.0,0.0,92.0,121.0,2.0588235294117645,23.4375,3.647820632297988,8.420859424089992,0.4331886389009746,96.50276690162276,2.3084631271426224,2.6915098754597793,77.75697391745283,0.6857142857142857,0.7272727272727273,0.875,0.8,55.00000000000001,55.24897745768288,54.754275065969026,51.515151515151516,0.5916289592760182,0.4083710407239819,2.8150030948903813,2.338738328607322,0.47958861531591346,0.5204113846840868,5.831641930371614,6.074769611780915,0.49738904124923033,0.5026109587507697,4.578880323196424,4.602853615199695,1.2091232418014153,1.6710444233424204,1.4320229559795647,1.3629811897953499,-0.16794602182572582,0.5282941360191296,-0.5413165354671527,0.0003921643067130549,0.1314683774306659,0.3293069888090536,4.071581588126284,1.0759034994651089,1.7913550037755228,1.6738548688673407,1.875170141049121,1.172407546730278
0,73.09270021761861,106.75,11.4327224604266,6.0332412515993425,6.1213224253664436,0.10709810267378549,0.056517482450579325,107.5,14.825999999999999,0.13791627906976742,19.25,94.0,119.0,0.0,0.0,88.0,124.0,4.0,0.0,4.328428596805896,15.748149150953333,0.27485316244568775,214.1458436901733,3.6383063272834075,3.0376797596495986,229.18636279566536,0.3333333333333333,0.3333333333333333,0.45454545454545453,0.16666666666666666,50.0,50.000385560409256,49.999152873511434,45.45454545454545,0.48901098901098905,0.5109890109890111,3.026840713662077,3.094112055463523,0.536016215889151,0.46398378411084895,11.52971264644023,10.727065207743843,0.5327146547611546,0.4672853452388453,8.428998707301067,7.894411231464737,1.47679225758251,0.9332747905018524,1.7257809991937245,1.746772080175814,0.4714549521950886,-0.1274134850911306,-0.4775081453011263,0.0005556469638993918,0.07457799407523692,0.24119929016427744,4.537844793048883,1.030628387425477,1.825825647229914,1.5552960106272695,2.201224125945963,1.0052631947248942
0,72.19894961501727,107.65714285714286,9.649574379955093,5.139237755337104,5.18877164256101,0.08963245841253403,0.047737081060721505,109.0,11.8608,0.10881467889908256,16.0,99.2,117.0,0.0,0.0,88.0,120.0,3.1818181818181817,23.4375,3.6690156144833503,13.149761253873322,0.27901765999003403,151.57141346006438,3.584002532440843,2.887587410550593,188.51511053949784,0.5142857142857142,0.53125,0.7058823529411765,0.1111111111111111,43.57142857142857,43.391844645672414,43.77394655242132,56.25,0.49331848552338536,0.5066815144766148,2.5907761794723236,2.625631237234085,0.4473149629313408,0.5526850370686592,8.794771913016973,9.775899346447662,0.45067073743171904,0.549329262568281,6.483060011063967,7.1575885403470645,1.4294754359673396,0.6184896763785526,1.5683556908489493,1.4907707398704244,0.48607984981394914,0.09574166151739405,-0.6254425966053446,0.00017810127787809915,0.021221715184679846,0.1894035059492598,4.307714802597438,1.0007264525319117,1.9100228680176357,1.665190970629758,1.913573100635847,0.8793056600477085
0,68.78556311592206,113.57575757575758,11.968788323777556,6.94172168845741,7.051652746102357,0.10538154073763589,0.06111974805738915,114.0,14.825999999999999,0.13005263157894736,18.0,104.0,125.4,0.0,0.0,90.0,133.0,3.6666666666666665,39.0625,4.986271475341716,16.33859225191061,0.30518366567099,255.941332736054,3.2767153438613983,3.115110537035634,214.14766371572185,0.3333333333333333,0.3333333333333333,0.4,0.16666666666666666,51.11111111111111,51.01805679138462,51.20153181055852,46.666666666666664,0.49416342412451375,0.5058365758754865,3.5057556361853233,3.5469205180396024,0.5791331368432181,0.4208668631567817,12.433798991413322,10.599539585063239,0.5718914299827972,0.42810857001720287,9.134814720056344,7.90350822662357,1.5085057825226755,1.0011737837639991,1.7469169487634075,1.7625277622049573,0.44623860849395136,0.032424952846129784,-0.48440748879494266,0.0005114386085531922,0.07723487688764698,0.22375792105109582,4.377727452691787,1.0761005884925396,2.059803448065172,1.5543099767305177,2.1131571131637608,0.9171625671560824
0,68.76759410311617,113.41176470588235,8.821865559107042,5.184475660931188,5.264769988356854,0.0777861589755289,0.04571373767418579,114.0,8.8956,0.07803157894736842,12.75,106.2,120.4,0.0,0.0,96.0,128.0,3.4,0.0,3.722754560154552,12.084103946169042,0.308070385420241,141.32816800106428,3.2460114549338877,2.8571988393139036,156.90055932750602,0.5,0.48148148148148145,0.6153846153846154,0.14285714285714285,49.618320610687014,49.62180713890944,49.615142493300766,55.55555555555556,0.5400225479143179,0.459977452085682,2.7357585785299112,2.5248762345905194,0.39012682809496113,0.609873171905039,7.547747461033469,9.437005692818087,0.40312030296838275,0.5968796970316174,5.6768330403287885,6.907679655509546,1.7603024451887954,0.39987852003872426,1.7960745757189123,1.8527697611085197,0.43565434300634287,-0.268237329408203,-0.3582189776432177,7.4050726251460655e-06,0.006174575153960996,0.14918168957231037,4.057476076289931,1.1393640848996653,1.5456628010220053,1.4477557999973607,2.0989548421429154,1.0474188202574226
0,63.81851337391695,122.26666666666667,5.0985686519699405,3.9128435731046296,3.9796279252771005,0.041700397916875194,0.03200253740270962,122.5,3.7064999999999997,0.030257142857142854,4.75,119.8,127.0,0.0,0.0,109.0,130.0,2.0,15.625,2.814021892562789,6.714259511530464,0.4191112791708812,59.357481743075084,2.386001164125858,2.480445577564876,64.08092404301921,0.5666666666666667,0.6,0.8666666666666667,0.4,52.325581395348856,52.26152216483898,52.38743345632974,48.0,0.5112612612612614,0.4887387387387388,2.013348312779343,1.9685019685029526,0.4736207744349429,0.5263792255650571,4.62076088100387,4.871329353345108,0.4792505824032507,0.5207494175967495,3.564056856167357,3.7151614816022245,1.333085477777028,1.0331128502591398,1.562464544560687,1.7387736337848256,0.2365392678549849,-0.5413386999935001,-0.32934188730697317,0.0008940359308060483,0.1015907859562033,0.5247496135785825,3.628072996388509,1.3479212639849127,1.8584805216947788,1.7170617472756744,2.1696411782375793,1.4720671786825554
0,72.89053560655731,106.88888888888889,9.048370896079351,5.661902759421329,5.739879657919229,0.08465211857038894,0.05296998423575048,109.0,11.8608,0.10881467889908256,14.0,96.0,114.0,0.0,0.0,91.0,122.0,2.769230769230769,23.4375,4.058707829309407,12.03890751346014,0.33713256994221075,153.50578257880304,2.9661922019916798,2.8930948500014684,142.83885434769803,0.5833333333333334,0.59375,0.7368421052631579,0.4,47.26027397260274,47.54158207418744,46.96114370002537,46.875,0.4536541889483064,0.5463458110516933,2.735926555601787,3.0024499799918303,0.5744186046511628,0.4255813953488372,9.124337203970747,7.8537739148693575,0.5620754991983676,0.4379245008016325,6.735681982153395,5.9454381919348585,1.2029266298587369,1.2429571419875893,1.4607788543731588,1.1532874360211784,0.10703342781825143,0.5766399745808526,-0.7473869838024154,0.0015895245834161263,0.10476513406829849,0.21214166357612063,4.127986806877677,0.8838228963309019,1.5279406619683094,1.566939020912166,1.8020569228237022,0.71804513908921
0,74.67175895903507,104.36111111111111,9.271007890277481,5.714642845982841,5.785812842816542,0.08883584882884996,0.05475835572408365,103.0,11.8608,0.11515339805825242,17.25,95.0,114.0,0.0,0.0,88.0,122.0,2.5714285714285716,0.0,4.091187495831793,12.53271349560921,0.32644067841055535,161.0810187418231,3.0633437133785386,2.914014477560664,153.56803639339537,0.5555555555555556,0.5757575757575757,0.7368421052631579,0.25,45.91194968553458,46.016736329989236,45.82163832885607,54.54545454545454,0.5240594925634293,0.47594050743657046,2.967966227808491,2.8284271247461903,0.508891961381368,0.4911080386186318,8.940419701657003,8.782812938987629,0.5103582121393825,0.4896417878606174,6.661078290006373,6.524484773575938,1.528370454583306,2.8566827018145133,2.0441786231224954,2.4379662106534603,-1.2156597661182147,-0.9868965989357488,-0.36215214336515633,0.004270483208705305,0.6201584511923653,0.2577678958766838,4.1070177095953575,1.1086435938111205,1.6171268645439905,1.5812854374515408,2.037985515847613,0.861654166907052
0,84.85332670012677,91.95238095238095,5.30968916894839,3.5613097070134594,3.588939649099445,0.057743900853400414,0.03872993466974762,91.0,2.9652,0.032584615384615385,6.75,89.0,97.80000000000001,0.0,0.0,81.0,103.0,1.68,0.0,2.537763563147486,6.928643269859952,0.36627135563277186,55.239435517077055,2.7302162307297984,2.449219341905475,75.6667772492337,0.42857142857142855,0.393939393939394,0.6923076923076923,0.2222222222222222,56.481481481481474,56.24437057458823,56.72309802190041,36.36363636363637,0.49423076923076936,0.505769230769231,1.7923448328934921,1.8131464364468746,0.6440162890769007,0.35598371092309944,5.560279561702195,4.13393139235431,0.6261539594923861,0.37384604050761405,4.130932631034011,3.1919342691142973,1.4456923517787186,1.4269172850498817,1.6099722184576626,2.1591509943036593,-0.33077630115553625,-1.3200087541092598,-0.11512921484667639,0.003988604120686532,0.2640881985873707,0.5314062249724132,3.737937816698664,1.1346948066619549,1.5417450637684156,1.7195616347786313,2.2230327067602103,1.0271080805292878
0,81.03640759592639,96.17948717948718,10.592628506535235,6.4031242374328485,6.488856845230503,0.11013396740999044,0.06657473880562012,93.0,7.412999999999999,0.07970967741935484,10.5,87.0,101.80000000000001,0.0,2.564102564102564,84.0,125.0,2.4375,0.0,4.588314677411235,14.468143255944684,0.31713223986263644,208.55272467977736,3.1532587176666205,3.0261859781098956,182.48719540102837,0.38461538461538464,0.4054054054054054,0.6666666666666666,0.14285714285714285,49.43181818181819,49.36249780726272,49.51393148833313,56.75675675675676,0.6360718870346599,0.3639281129653403,3.6594933927924904,2.768061083531605,0.5846214014892078,0.4153785985107921,11.062420308008951,9.324699791601272,0.5893233528380654,0.4106766471619349,8.239206119613126,6.877942583565632,1.5529157077002924,2.025165627859784,2.020264992119933,1.6640442385554004,0.22597690784911784,1.29940705406126,-0.6758970963481097,0.001243590404745725,0.26801895610087667,0.45611578938217834,4.297470808272994,0.9561319490378164,1.796117918520601,1.485139978814691,2.0633646974719118,0.9486619367188652
1,69.1280197400253,113.02941176470588,7.8450343071179365,4.767312946227961,4.83496576403535,0.06940701702888624,0.04217763210297962,114.0,10.3782,0.09103684210526315,12.75,105.2,121.0,0.0,0.0,99.0,128.0,3.090909090909091,23.4375,3.418837078554193,10.379767980708111,0.32937509633244794,111.48486798410211,3.0360522429742858,2.7541860338752855,126.05407143752613,0.47058823529411764,0.48387096774193544,0.8,0.1111111111111111,46.96969696969697,46.69742022957076,47.22775156451147,48.38709677419355,0.41600000000000004,0.5839999999999999,2.207940216581962,2.6160561920570435,0.4873183151245609,0.5126816848754392,7.245927975230102,7.432100047167766,0.48032205557493307,0.5196779444250668,5.35623338840935,5.571349078594479,1.645124885550791,0.6240415701439952,1.7726500359077184,1.8668488010826745,0.609725332775195,-0.13457885600987662,-0.3490504965026287,0.000555201602615468,0.04055709810837382,0.24811190860012688,4.314972767530035,1.1440327979299616,1.9480224498708423,1.459609767070323,2.1085806052857374,1.0474188202574226
1,75.30071029892443,103.63888888888889,7.1878976770591985,5.477225575051661,5.537799824005586,0.06935521746827424,0.052849134468469526,105.0,7.412999999999999,0.0706,10.25,97.0,110.0,0.0,0.0,88.0,115.0,2.4,15.625,3.915815808408019,9.318139894444435,0.4202357823306201,114.6308081758883,2.379616496372627,2.7662714642654516,88.69439763331145,0.5,0.5294117647058824,0.6666666666666666,0.1111111111111111,55.12820512820511,54.99764019268862,55.255735478654,38.23529411764706,0.48,0.5199999999999999,2.7224556389190906,2.8336216692963587,0.6203864366942035,0.3796135633057966,7.339396889300882,5.74116576957655,0.5991900457800211,0.40080995421997895,5.535273769406614,4.527162254573133,1.1483223829349296,2.185669277700478,1.5383529396920899,1.773381511770775,-0.8068687080340133,-0.6474723705408132,-0.3924683736571727,0.0017376348322450843,0.31773538664173406,0.23286768288295834,4.294653473544344,1.3333871653399147,1.844549189145685,1.7373320598638666,2.6558106555891006,1.1488722225427361
1,77.77005516198923,100.0,8.405275048958758,5.858696469721258,5.918997764363029,0.08405275048958759,0.05858696469721258,99.0,8.8956,0.08985454545454545,11.0,92.0,106.2,0.0,0.0,87.0,120.0,2.923076923076923,0.0,4.185363457009111,10.778656197756257,0.3883010442322447,141.7253931588729,2.5753214287054433,2.858417780398072,111.0340171149217,0.4473684210526316,0.42424242424242425,0.5,0.25,55.42168674698795,54.97103354909542,55.890464883531386,48.484848484848484,0.6031496062992127,0.3968503937007874,3.2617309651301545,2.6457513110645907,0.6536518036734514,0.3463481963265486,8.714407242968337,6.343385202959885,0.6469949971964042,0.3530050028035957,6.57950539498175,4.859965834917485,1.0341946294568218,2.2437900644123117,1.4543846367927298,1.768004042972676,-1.2089918874675707,-1.379613904404871,-0.3602278300656935,0.0013325596514078024,0.32729354811213107,0.23597473419296833,4.45148902643068,1.034921183347319,1.845395093453691,1.7352035947299294,2.599088044830269,1.1048268449354917
1,74.22042954166659,104.94444444444444,6.3016752622704315,5.212622043792219,5.26571278104275,0.06004772616244985,0.049670300046723105,106.0,5.9304,0.05594716981132075,8.5,98.0,110.0,0.0,0.0,93.0,117.0,2.1176470588235294,15.625,3.723421215256002,7.968952357786576,0.46724099330544927,93.21660294023835,2.1402231703293,2.67646338200621,68.22134591754055,0.5833333333333334,0.6,0.8333333333333334,0.2857142857142857,43.7956204379562,43.81884319979291,43.77665820415997,50.0,0.3470031545741325,0.6529968454258676,2.20293921306753,3.0219783158018307,0.4569438930792642,0.5430561069207357,5.386822546070841,5.8725075170505425,0.4371018029009084,0.5628981970990917,4.1152641664495695,4.670048044666757,1.5393715150083123,0.3576592766753266,1.6958449787659264,1.5181796763155144,1.3176042710642335,0.3203824718183892,-0.9967445667897264,0.0003908687260345232,0.022205207055120718,0.24445240025747728,3.631478390740809,1.2830061293671604,1.7920818133011067,1.6819033113755704,2.1164177204373913,0.861654166907052
1,84.24888093504421,92.73809523809524,4.406533529522502,3.1661317477171473,3.1939348008679076,0.047515894284966644,0.03414057340285499,93.0,4.4478,0.047825806451612905,6.75,88.2,96.0,0.0,0.0,85.0,104.0,2.0,0.0,2.2584529563614026,5.72409328212242,0.394552087998817,40.6132387230772,2.5345195993564182,2.315637733863942,58.03130644833473,0.5476190476190477,0.5,0.7058823529411765,0.3,55.6701030927835,55.55046371845845,55.78700424547714,44.11764705882353,0.5060827250608273,0.4939172749391728,1.6124515496597098,1.592953232207399,0.6054160321541804,0.39458396784581967,4.453830256754133,3.5956417989644684,0.5919519709108657,0.408048029089134,3.349373370944077,2.780839796397883,1.3267565846292426,1.5354625607792558,1.2971999602426845,1.985197191238647,-0.10109050344571457,-0.8825091558852676,-0.051928357897049526,0.0026617743903079045,0.25104334859764216,0.042086201146500635,3.7043685420744485,1.2107631292487429,2.0362789680844,1.699656649691758,2.0887190489120906,1.0271080805292878
1,75.7736102243001,102.86111111111111,9.977554174324853,6.233549779791836,6.322163229398594,0.09700025662319597,0.06060161816702839,104.5,11.119499999999999,0.10640669856459328,14.5,92.0,112.0,0.0,0.0,83.0,119.0,2.5714285714285716,31.25,4.470444491275988,13.393150136851123,0.33378588648652596,188.09762702609797,2.9959325438415965,2.981353426639379,160.4998974381952,0.25,0.2857142857142857,0.2,0.0,51.63043478260869,51.47631590047703,51.78386009227148,54.285714285714285,0.5742647058823529,0.42573529411764693,3.388996033878921,2.9179968955351785,0.5468649570407293,0.4531350429592706,9.904277150925903,9.015640005339739,0.5496135009146164,0.4503864990853839,7.4020267494788206,6.700614546003794,1.616736782596762,0.3576978361216039,1.6502202954034937,1.5514124244980936,0.7392994712366256,0.4152523390554723,-0.7762327890398787,5.377773912034837e-05,0.00605890217844337,0.16905451471530464,4.419381945646372,1.1392405239256893,2.123528979887498,1.6914891323609824,2.2241654023378756,0.861654166907052
1,73.70057934849167,105.75,8.689484614011516,5.025648501153145,5.093743072377617,0.08217006727197651,0.0475238628950652,105.0,9.636899999999999,0.09177999999999999,12.75,99.0,116.0,0.0,0.0,89.0,121.0,2.5714285714285716,23.4375,3.6018202681002114,11.869104020611703,0.303461850350738,134.30427794173212,3.295307132821508,2.8350599562634073,156.4493725572887,0.5833333333333334,0.6060606060606061,0.8,0.5,52.85714285714285,52.743894626712354,52.95910597424744,54.54545454545454,0.6131221719457014,0.38687782805429866,2.823223022592108,2.242635004789206,0.40941206346176456,0.5905879365382354,7.5944836870579415,9.121373130132966,0.4266222702108934,0.5733777297891065,5.72916969151217,6.641869448574608,1.7005791826224894,1.0296547931826545,1.8375321112831373,1.909022126967427,-0.1442920633124114,-0.38726825678988774,-0.4305689478088917,5.596686294369081e-05,0.04588304302737555,0.12828115115295446,4.405764584655453,0.9922638196925079,2.2027254542536494,1.3884742120827491,2.564641508472483,1.0052631947248942
1,73.65798197918163,105.86111111111111,6.841690592151195,4.83440053899432,4.901894677425396,0.06462893238452978,0.04566738898026647,105.0,6.6716999999999995,0.06354,8.25,100.0,110.0,0.0,0.0,95.0,125.0,2.1176470588235294,0.0,3.4661629670697414,9.154830657622666,0.37861573814952876,99.68944218378572,2.6412002968694996,2.705619275855023,96.71896580281192,0.4444444444444444,0.47058823529411764,0.75,0.125,47.916666666666664,47.89788656885302,47.94362263594038,58.82352941176471,0.5146699266503668,0.48533007334963313,2.4882074814187494,2.416244046887161,0.43307980433864013,0.5669201956613598,6.024684118482146,6.893047630929073,0.44332059873489066,0.5566794012651093,4.609121130870788,5.164897914594951,1.2445559205899075,0.5678631788327984,1.311272680648905,1.4370984056751146,0.16604835565484777,-0.5982989598341701,-0.2784224621063911,3.22158430413078e-05,0.015895847602680698,0.2956455279497079,4.0413363769120165,1.286459306935758,1.8763630404777139,1.7052022871170323,2.6178385860886677,0.861654166907052
1,73.3678581800538,106.25,7.828063070043025,5.595916878786327,5.670208153516207,0.073675887718052,0.05266745297681249,106.5,10.3782,0.09744788732394366,12.75,99.0,114.0,0.0,0.0,93.0,120.0,2.769230769230769,23.4375,4.009442636090562,10.405153861945353,0.3853323736763038,131.0636877457139,2.5951621724886373,2.824452493519972,108.01224680577855,0.3611111111111111,0.3225806451612903,0.4,0.0,46.75324675324675,46.67843194871687,46.83457492073419,61.29032258064516,0.5364963503649635,0.4635036496350366,2.94058817645882,2.733237683644457,0.42162871202595503,0.5783712879740451,6.756372653175031,7.9131950223778045,0.43651312678187787,0.5634868732181222,5.210356525809957,5.919849816400707,1.4487985914463646,1.1628723865441244,1.624801981276013,1.8022361824381423,0.09652002910146429,-0.3126477107752823,-0.3474173063052636,0.0008711715789401202,0.10247258075629533,0.12828115115295446,4.270910335425639,1.2300200873164933,2.2838490426004032,1.8195474481377891,2.753982669149647,1.1488722225427361
1,71.24680920815858,109.76470588235294,9.617089660975251,6.596601512532913,6.688694668142385,0.08761550066268986,0.06009765579478002,110.0,11.119499999999999,0.10108636363636363,15.0,101.2,117.0,0.0,0.0,91.0,127.0,2.6153846153846154,31.25,4.729621357129784,12.882996193009253,0.3671212260154385,191.42256204727673,2.723895893608579,2.9889632345998725,140.36776171005144,0.35294117647058826,0.3548387096774193,0.36363636363636365,0.0,53.37078651685394,53.323384049777985,53.40174913468337,41.935483870967744,0.5355153203342619,0.4644846796657382,3.466356155965512,3.2282928925362393,0.5811439339476722,0.41885606605232784,9.821068336207768,8.337757950710017,0.575710055927185,0.4242899440728152,7.364407928152229,6.322186435270163,1.4070468009409056,1.3158869725283253,1.5931965074758474,1.9834878231793596,-0.7167848569599453,-1.5475197841746162,-0.20340057782195964,0.0007761269286493811,0.13016670433604746,0.011237261367182061,4.205109900073871,1.2543396540512652,2.6158475826244403,1.68050837728755,2.4872606152464662,1.0474188202574226
1,81.81477576761525,95.225,8.716290377719064,4.144814492771321,4.187411247473262,0.09153363484084079,0.0435265370729464,94.0,10.3782,0.1104063829787234,14.0,87.8,103.0,0.0,0.0,80.0,115.0,2.6666666666666665,0.0,2.960946888705164,12.0500250586308,0.24572122251184808,112.09040546598341,4.069652550877173,2.7565385501079813,196.15766087196275,0.275,0.2894736842105263,0.5454545454545454,0.0,45.58823529411764,45.61181430922307,45.59141663162365,52.63157894736842,0.4149253731343284,0.5850746268656718,1.9125623484849075,2.2710998958306754,0.5563974234457665,0.4436025765542335,8.988360968156082,8.025738035829383,0.5482997947423854,0.4517002052576146,6.498019991917301,5.897896479110183,1.8185432959841143,1.7701499672461187,2.0996050866346514,2.5029005782451343,-0.561776493853408,-1.0492939373837196,-0.27216874328568713,0.0027812060929041774,0.2809015707174256,0.36390812167798936,4.515311532225104,0.9522889827603127,1.8527050740766027,1.4315924507559072,1.9889590976654834,0.7982892142331044
1,79.8816668131924,97.7948717948718,9.88667228135536,5.14525842018905,5.21323406230103,0.10109601965727819,0.05261276308006632,97.0,11.8608,0.12227628865979381,16.0,87.6,105.80000000000001,0.0,0.0,84.0,118.0,2.6,0.0,3.6863131573657504,13.626808152562454,0.2705191939370305,157.8106253246741,3.696595370725424,2.905106350688957,201.49118373810333,0.38461538461538464,0.38888888888888884,0.5714285714285714,0.2857142857142857,48.749999999999986,48.68388542811357,48.82082179659669,44.44444444444444,0.47316103379721663,0.5268389662027833,2.5362240501249946,2.6762216205243843,0.6333458992202432,0.36665410077975685,10.84462710109908,8.251300713514802,0.6224185648815502,0.37758143511844994,7.875226009275069,6.133764163505638,1.7914664413457093,2.2269195976384912,2.158492347616379,2.6007133996569753,-1.2411329949168284,-1.5385836565915332,-0.301420288137235,0.002151698277087341,0.35973157073656625,0.22631028876095627,4.282340283509329,1.0339296702647351,1.5706500485056345,1.4788735824853805,2.142394784565129,0.9486619367188652
1,117.3871515550305,66.06896551724138,11.667712337548117,1.955648588961926,1.8276283987478892,0.17659898631988277,0.02960010912311892,61.0,2.9652,0.048609836065573765,6.75,59.0,69.0,0.0,0.0,58.0,102.0,1.5675675675675675,0.0,1.2923284342437438,15.853545336907242,0.08151668328945878,64.3649107732327,12.267427471859783,2.5156192815036973,777.9288703694019,0.7241379310344828,0.717948717948718,0.9285714285714286,0.4444444444444444,18.18181818181818,21.554637112307024,14.819433424531988,71.7948717948718,0.06422018348623854,0.9357798165137615,0.35355339059327373,1.349603116263656,0.17299596051746471,0.8270040394825352,6.593930724060085,14.417176469602841,0.17216003517825154,0.8278399648217484,4.669310569757786,10.239052835274816,1.9665746255234837,1.3977292157463002,0.597085832020471,1.295950439893621,1.056480844486575,-1.149933815800272,0.0,0.003932212754204163,0.23005371590667895,0.11235799215966202,3.7068058921877722,0.27613895213706974,0.6193509365393903,1.2191001817939409,1.1114654307291139,0.30299901698935716
1,125.04909399532286,62.38709677419355,6.382236718538793,2.3539293971054818,2.3725433080628644,0.10230058855982553,0.037731029633024785,61.0,4.4478,0.07291475409836065,5.0,57.0,66.60000000000001,0.0,0.0,56.0,80.0,1.4090909090909092,0.0,1.6776414617900153,8.915434519842295,0.1881727085826537,46.98849532975342,5.3142669175150665,2.3789616481865345,189.51599489627893,0.7741935483870968,0.813953488372093,0.9142857142857143,0.6666666666666666,47.5,47.20037638094743,47.799452969406545,58.139534883720934,0.6508875739644973,0.3491124260355029,1.35400640077266,0.9916316520429009,0.4440518510984138,0.5559481489015862,5.940997328058074,6.6475200959156515,0.45113053495835354,0.5488694650416466,4.308641467175385,4.752518109325611,1.501114251404254,1.0010206585699093,0.9703679705110337,1.221167754020421,1.0,1.6649634038244887,-0.2494559364362289,0.006100567357024239,0.22644042708950834,0.42592176125404846,3.6824586438629807,0.439427955132199,1.1710397145190619,1.2825967155096847,1.537760472802081,0.5762125461664717
1,126.86376589473126,61.564516129032256,4.813304538641078,1.0162612288412374,0.9942457393240035,0.0781830970384456,0.01650725600947255,60.0,4.4478,0.07413,6.0,57.2,64.0,0.0,0.0,56.0,74.0,1.631578947368421,0.0,0.7030379044418352,6.647054485509602,0.10576683341086472,14.681074823749356,9.45475975550268,1.8737279620633511,251.38521296891903,0.6612903225806451,0.7575757575757576,0.96,0.5,68.29268292682927,67.41511006631032,69.18084452520519,39.39393939393939,0.7936507936507936,0.2063492063492064,0.6454972243679027,0.32914029430219166,0.5748774047529235,0.4251225952470765,5.039841267341661,4.333974311568232,0.5774464119291706,0.42255358807082954,3.5928169078500694,3.073407446684109,1.757700519634929,1.0669297532896604,0.7326951695304071,1.2661600461752374,1.0838488063702774,-0.6595656972720323,0.0,0.0019992106675256584,0.13659244302796036,0.47213752703355016,3.563664061861639,0.4694842086507126,1.196576452459462,1.2525847544415114,1.2968504238912877,0.28810627308323583
1,134.44328481846793,57.833333333333336,3.5673016448908585,1.0813097471264972,1.053382829087025,0.0616824491911964,0.018696998509391882,58.0,2.9652,0.05112413793103448,3.0,54.0,60.0,0.0,0.0,52.0,70.0,1.4042553191489362,0.0,0.7448541416329053,4.733473273482088,0.15735889876166298,11.076461414164335,6.354899582225774,1.751371148896248,120.32298931251275,0.696969696969697,0.8292682926829269,0.9705882352941176,0.23076923076923078,32.6923076923077,33.46481480268908,31.83826227377164,63.41463414634146,0.2763157894736843,0.7236842105263159,0.4050462936504912,0.6555055301063446,0.2854726071713884,0.7145273928286116,2.529077570575518,4.0011918065472765,0.28523621699064333,0.7147637830093567,1.811117867228437,2.8669865166042428,1.5246552472018606,1.1031828437617037,0.555517740226076,1.1071091621069278,1.265177382940065,-0.8601257255925265,0.0,0.0004923890217353095,0.08892953190089659,0.5873146870879546,3.3804147271917655,0.5553392392505366,1.3778276261306064,1.4418128677914388,1.3407312491918701,0.6410721035683209
1,140.61495101347182,55.5,3.010849944999642,0.87642223957918,0.8798201784808435,0.05424954855855211,0.015791391704129368,54.0,2.9652,0.054911111111111105,6.0,53.0,59.0,0.0,0.0,51.0,61.0,1.8918918918918919,0.0,0.6221268144285629,4.221792203764263,0.1473608326515592,8.251362112550535,6.786063718603853,1.6234957565887278,114.5974036057971,0.7571428571428571,0.9210526315789475,1.0,0.5,55.81395348837211,55.78699827827383,55.82950666126876,47.368421052631575,0.6037735849056605,0.3962264150943397,0.4850712500726659,0.3929526239966878,0.5063943894389439,0.4936056105610561,3.0042861538338266,2.966107570140884,0.508477997577715,0.4915220024222851,2.1518630778658645,2.115680254947914,1.3179407663183356,1.2622134452781308,1.8394330303945123,1.208326307755447,2.200861449557598,0.39069534696899666,-1.0,0.00028232945126484846,0.08637382319029714,0.6382713100619606,3.063331196909643,0.6065001576938144,1.6067284821967556,1.544243922696861,1.6589064734717547,0.26268355786907
1,131.94073350108167,59.12307692307692,1.7634101577952261,0.9100137361600648,0.9159900099961235,0.029826089059768333,0.015391853460943067,60.0,1.4826,0.02471,2.0,57.0,61.0,0.0,0.0,55.0,62.0,1.0,0.0,0.6477027475673923,2.396027424850334,0.2703235951516083,4.875480196132888,3.6992701263800516,1.3949875066651296,35.454210698944664,0.5692307692307692,0.6842105263157895,0.8461538461538461,0.125,46.51162790697674,46.391393718679545,46.62930251664972,55.26315789473685,0.49056603773584895,0.5094339622641508,0.4542567625794979,0.46291004988627565,0.4665993897829139,0.533400610217086,1.6366803485238184,1.749921386060206,0.46823552941413243,0.5317644705858675,1.2010561538898283,1.2799434697822767,1.3359239391552338,0.4105973533575842,1.001478289675906,1.206776966354698,1.1927575942630355,-0.4044902778023234,0.0,1.0568262830764339e-05,0.007733818990357809,0.7021544756870286,2.6719173209573777,0.9006387189896665,1.9275448993112194,1.5029375143995418,2.3312421162828336,0.8338663125731706
1,130.72700728006959,59.765625,2.866014253002364,0.9343531843023135,0.9384542421276235,0.04795422540971275,0.01563362190728054,60.0,4.4478,0.07413,5.0,57.0,62.400000000000006,0.0,0.0,56.0,65.0,1.2549019607843137,0.0,0.6635873584417248,3.9994239216503575,0.16592073544629304,8.33768371845107,6.026974249542731,1.6280155265452227,96.41769995516763,0.625,0.7297297297297297,0.9259259259259259,0.2857142857142857,55.81395348837211,55.91282889959497,55.709352206667006,43.24324324324324,0.5454545454545454,0.4545454545454545,0.49186937683796467,0.4490132550669372,0.5348396921430628,0.46516030785693707,2.924888096192207,2.727713571807394,0.5351260975341149,0.46487390246588495,2.0972488954720947,1.9547422122939968,1.4808347420018566,0.8940547571586648,0.6199873227075194,1.0670147012868518,1.0664146757286552,-1.1406191298102453,0.0,0.00041322524816073857,0.061209409639708064,0.5085420681340014,3.1374831321902903,0.6849864696568414,1.6459974691074117,1.466493697621118,1.606389689172071,0.46875
1,126.0760643091805,61.87096774193548,1.8946332398901,0.9917694073609294,1.0,0.030622330780288375,0.016029641099159966,62.0,1.4826,0.02391290322580645,2.0,61.0,63.800000000000004,0.0,0.0,58.0,67.0,1.5121951219512195,0.0,0.7071067811865475,2.6025418428366995,0.27169852547531775,5.781394374691202,3.6805499707831286,1.4690027055106394,38.31514121445794,0.5645161290322581,0.6875,0.9090909090909091,0.14285714285714285,50.000000000000014,50.00043846630123,49.99942415442033,46.875,0.4666666666666666,0.5333333333333332,0.4830458915396479,0.5163977794943222,0.5789675900515145,0.42103240994848523,1.9802720018899271,1.688711592382402,0.5712474289022182,0.4287525710977818,1.4413206677909105,1.248682006940393,1.3365119097761733,0.5962995993317417,0.7402123104444316,1.0383621101103024,1.0264045487575124,-0.5219101391025796,0.0,0.0006500709363904115,0.044007283418393175,0.5374609620912123,2.842699693185644,0.8823853621593909,1.6833463421590378,1.514921361090419,1.8569696941633513,0.7682833948886291
1,121.76961797273151,64.15,3.883144802775456,1.4497223579893626,1.4585646611774772,0.060532265047162206,0.022598945564916015,63.0,2.9652,0.047066666666666666,5.0,61.0,66.0,0.0,0.0,59.0,75.0,2.0,0.0,1.031360962717653,5.408502516777801,0.19069251784911845,17.52417566868791,5.244044240850758,1.9506077080150306,113.44970589894184,0.5333333333333333,0.5476190476190477,0.8260869565217391,0.15384615384615385,54.6875,54.82378070422163,54.54179125908447,45.23809523809524,0.5403225806451614,0.45967741935483886,0.7599909255356616,0.7009845293191765,0.4320707258842851,0.5679292741157147,3.5551215786836017,4.075906038510951,0.4358871572410508,0.5641128427589494,2.570649299896656,2.9244135604523227,1.7011074311444039,1.0086697228255805,0.7093239937386424,1.2136588551514327,1.0337725708396381,-0.6829031708455289,0.0,0.00195965214224806,0.1340503603234868,0.3983101835760161,3.5234663088491636,0.7725742643934822,1.7550013146069485,1.3680437267546115,1.5523395753906424,0.5906890595608518
1,114.1227765841455,68.41071428571429,3.307164595592071,1.6348477827391983,1.6489972465689324,0.04834278709296684,0.02389754002437878,69.0,2.9652,0.04297391304347826,5.0,65.0,71.0,0.0,0.0,61.0,76.0,1.435897435897436,0.0,1.1660171352068371,4.559668013197055,0.255724129877884,16.702751830876124,3.9104639850667597,1.9297581383854565,71.32167019787197,0.5714285714285714,0.525,0.8095238095238095,0.3076923076923077,52.23880597014927,52.203325639726984,52.26929729529806,50.0,0.5646258503401361,0.43537414965986393,0.8766518798921944,0.7698003589195009,0.47557410766340613,0.5244258923365939,3.1444328443231075,3.301986444265705,0.4810458956840273,0.5189541043159727,2.308243534700837,2.397468151061351,1.796218569107353,0.11699162532441498,1.679226943782938,1.7377227564451454,0.9941661052600053,-0.24220157357870398,0.0,1.9220162750620525e-05,0.0018392836618258905,0.3093204375965035,3.6147804863163215,0.9460423600454139,2.0386167624483598,1.4051978010756412,2.1292021050612067,0.7259193652572005
1,117.66677607808322,66.1896551724138,3.2845032017820652,1.242521488394791,1.2515654358043973,0.04962260633064855,0.01877214022581346,66.0,2.9652,0.044927272727272725,4.75,63.0,69.0,0.0,0.0,60.0,75.0,1.3181818181818181,0.0,0.8849904067559857,4.583532691039145,0.19308041774986168,12.743501338440849,5.179189125722287,1.812258878859652,94.9559306832902,0.5689655172413793,0.5121951219512195,0.6666666666666666,0.25,46.29629629629628,46.296904053966585,46.30464539319078,53.65853658536586,0.4431818181818181,0.556818181818182,0.5900968443520822,0.6614378277661476,0.5134392609917277,0.4865607390082723,3.284315504636069,3.1971930807869087,0.5109064058490292,0.48909359415097087,2.3595489632244506,2.3086298529465137,1.5863749584415519,0.389604761951595,1.6880035372772433,1.6549914338083977,0.8636695015877596,0.1532758979641402,-0.5847322894706996,7.736199779166303e-05,0.011928737368318515,0.41281331162378354,3.594582075130269,0.7673681583056595,1.8872714918192033,1.4579406591409692,1.795880600789786,0.8079973786382858
1,110.96870668592159,70.4074074074074,5.357127217041493,2.1977690231790246,2.185849729988314,0.07608755121521321,0.03121502557908136,68.5,2.2239,0.03246569343065694,4.0,67.0,72.4,0.0,0.0,64.0,89.0,1.4210526315789473,0.0,1.5456291667295206,7.189433465571406,0.2149862258453596,34.90999978000158,4.651460790419679,2.2499199560391006,133.76547148174586,0.6296296296296297,0.6153846153846154,0.8333333333333334,0.2727272727272727,62.499999999999986,62.2814798029678,62.70739433578775,46.15384615384615,0.7500000000000001,0.24999999999999994,1.3587324409735149,0.784464540552736,0.442235557399275,0.557764442600725,4.78103032322653,5.369329809600683,0.4562259751175422,0.543774024882458,3.514570016215741,3.8369966914014353,1.3111422517860163,0.7595679517048568,1.272877152705056,1.1569598748427894,1.0466203313713853,1.23843381263376,-0.6526094901741039,0.001235064048110163,0.0770226439044606,0.45905973078117945,3.5075917104753565,0.695550600070437,1.2764455913448713,1.45380260328539,1.414354236861598,0.6394319446848298
1,109.4612844955966,71.0925925925926,5.25668852831492,2.7574940770390897,2.7785984918840194,0.07394143801224425,0.03878736133370952,70.0,4.4478,0.06354,6.75,67.0,74.0,0.0,0.0,64.0,87.0,1.9285714285714286,0.0,1.9647658358059041,7.187540622716023,0.27335718000623416,44.36505076322277,3.658217428118018,2.354011092743944,105.17434548530396,0.6666666666666666,0.6666666666666666,0.8846153846153846,0.3333333333333333,45.263157894736835,45.065422969525684,45.46512019482938,58.97435897435898,0.40942928039702225,0.5905707196029777,1.2595786841394472,1.512766187638241,0.5175256868523788,0.48247431314762107,5.170663405885145,4.992492378184793,0.5099832723012819,0.4900167276987182,3.763130247446813,3.6887288924977115,1.4919493268298472,1.0218811743738243,1.804778154185176,1.5592265175063655,0.8684573631697914,0.8142625819083209,-0.7402937277215978,0.0008220818407946032,0.09701037127987101,0.5798449181025753,3.8639035403402335,0.770903696231605,1.577301857220137,1.4268564589463582,2.0881747536804607,0.8525759262464397
1,109.10913661906395,71.56603773584905,4.120816918460671,2.674667484725186,2.700483169996229,0.057580621323072914,0.03737341858434877,71.0,4.4478,0.06264507042253521,7.0,68.0,76.0,0.0,0.0,65.0,79.0,1.7666666666666666,0.0,1.9095299619844774,5.541220822628188,0.34460455973649357,33.24159143668979,2.90187686652975,2.2286519173611086,64.31976207007075,0.6792452830188679,0.7222222222222222,0.9230769230769231,0.4,51.11111111111111,51.108822957269005,51.11138405718523,41.66666666666667,0.3978494623655914,0.6021505376344085,1.2045664747770721,1.4819171472698967,0.5363762174212868,0.4636237825787132,4.058263239626322,3.7730130775052806,0.5216692870037473,0.47833071299625274,2.993366074694105,2.8663309399298624,1.2872856518441707,0.9104596476290139,1.459651382887385,1.5583874693215933,0.323894560780257,-0.21155191587710487,-0.3915535831913766,0.0003856325295886344,0.060260879421139946,0.2187519671319289,3.7450226445669568,0.9817369715055921,1.7927663418408641,1.5828443517483586,2.581035156984588,0.8645917667265206
1,103.78668458899465,75.17647058823529,3.141374745890348,3.605551275463989,3.6419326558007294,0.04178667502358053,0.04796116720100768,75.0,4.4478,0.059304,5.5,72.0,78.0,0.0,0.0,70.0,81.0,1.3421052631578947,0.0,2.5752352775414282,3.650663903836604,0.7054156025798562,29.53511304445898,1.4176040285227396,2.1773087474034587,20.700783427445284,0.7647058823529411,0.7804878048780488,0.9375,0.625,50.68493150684932,50.66941765576627,50.700070342533586,48.78048780487805,0.49846153846153834,0.5015384615384616,1.818274580193979,1.8238779049719576,0.5284203111601127,0.4715796888398872,2.653759751056325,2.5069715041158678,0.5184650934522106,0.4815349065477894,2.274704735268527,2.1921948744002977,1.0868620530003612,0.28886188749202457,1.097987984906287,1.2024244540837121,0.3723216749546454,-0.5297122982583495,-0.13845535288794864,1.5189702444497305e-05,0.004000086938276907,0.10116580444736245,3.3696423145945533,1.4407778802973468,2.5073012975823565,1.8815831188291978,5.432038563102652,1.1122402631316657
1,102.19698637562118,76.36,5.185379760953495,3.4255939452233712,3.460540439881381,0.06790701625135535,0.044861104573380974,75.5,4.4478,0.058911258278145695,6.0,72.0,80.0,0.0,0.0,69.0,91.0,1.5151515151515151,0.0,2.4469716116104028,6.972705532931934,0.35093574510689,53.60189311038771,2.8495244897193768,2.4361502383276243,79.47558070276537,0.62,0.6,0.7916666666666666,0.5555555555555556,48.78048780487806,48.79899776433422,48.77028628265952,47.5,0.4765217391304348,0.5234782608695654,1.6894279110594408,1.7707107800729815,0.4260483609452387,0.5739516390547615,4.5512508616646405,5.282493544073334,0.4315844246269535,0.5684155753730465,3.432786846897852,3.9395529384590784,1.5408829755973341,1.057184805172799,1.6623039603635947,1.7639353866853966,-0.21807002212447557,-0.4028965698595588,-0.4038659789428301,6.203505645698877e-05,0.04748587662668348,0.6502615567803396,3.8223080613822487,1.1017140579569937,1.8908865993089548,1.5497431895015998,2.6340020821132195,0.6772627427729669
1,99.0761230260257,78.71428571428571,4.55521678957215,4.337337893224368,4.381972660476457,0.0578702677441108,0.05510229628415713,80.0,4.4478,0.0555975,6.0,74.0,82.0,0.0,0.0,70.0,92.0,1.8846153846153846,15.625,3.0985225831969596,5.5728373345582956,0.5560044905639704,54.24764697267938,1.7985466250203717,2.4413510150824735,40.092031119429386,0.6530612244897959,0.6829268292682927,0.8928571428571429,0.4,48.466257668711656,48.56903063699242,48.358216226637815,56.09756097560976,0.5193798449612402,0.48062015503875977,2.233687915114298,2.148725500522518,0.4563380451304887,0.5436619548695113,3.764607520125452,4.109044435980427,0.47123131857350736,0.5287686814264925,3.0952892823379825,3.278815903146855,1.000848797515956,1.5645211204711944,1.1572407735357333,1.2230619949088342,-0.3581180550128522,0.20853998231215298,-0.4579288380886305,0.00044966310758895114,0.11078864686576988,0.10537212389058714,3.7668458146461403,1.322375998303955,1.9749374085135853,1.7930923850181881,2.4034811980609314,1.2604450670462712
1,99.45792525796557,78.34693877551021,2.933648328789053,3.375771516754849,3.41091021732298,0.03744432615542162,0.043087471821043916,79.0,2.9652,0.037534177215189875,4.0,76.0,81.0,0.0,0.0,71.0,84.0,1.8846153846153846,0.0,2.4118777446875597,3.3514247526000682,0.7196574360848774,25.394205849842493,1.3895500134623198,2.1117047456960436,18.62788924037351,0.8163265306122449,0.8461538461538461,1.0,0.5,48.78048780487806,48.832911484681745,48.7265548730274,53.84615384615385,0.5411334552102376,0.45886654478976213,1.7745242095313227,1.6340785678655252,0.438164106434618,0.5618358935653821,2.218440943413841,2.512084324405837,0.4733049814778709,0.5266950185221289,2.0087827644655434,2.119054083651828,0.865043967275558,1.5990871160834503,1.1733628782141858,1.3435120523122541,-0.41158099094908884,-0.6836234864263457,-0.393596057158659,0.0007050605935114816,0.16614999603112654,0.13363876423257093,3.416998813318223,1.4971376004339194,2.562111659094048,1.9866136085798423,2.5073790890777565,1.031273236674222
1,99.24755479918298,78.66666666666667,6.158658783711305,3.351722326385569,3.3876851581581207,0.07828803538616065,0.04260663974218943,79.0,5.9304,0.07506835443037975,9.0,72.0,83.0,0.0,0.0,69.0,92.0,2.4,0.0,2.3954551478586286,8.454755242848028,0.28332637421822127,63.6266350793486,3.5294984547742403,2.510609065963806,119.3641822605061,0.5208333333333334,0.5277777777777778,0.6842105263157895,0.18181818181818182,49.07407407407406,49.09436716774204,49.05845280729968,50.0,0.471590909090909,0.5284090909090909,1.645150977609786,1.7414386855850463,0.40240122681919965,0.5975987731808005,5.363282680419079,6.535907366722922,0.40754339518669835,0.5924566048133019,3.966820064561392,4.782817882903087,1.484995309346223,1.0489394481291408,1.7855755174159231,1.8445663812456536,0.4262582771285448,-0.25002271259470454,-0.4437614211812274,0.0010351101406265626,0.10871605323918991,0.4503884454277549,4.207067386399957,0.8769409940949432,1.6761597590340869,1.5095493500288069,2.2217101760929703,0.8144736980218353
1,101.94794602976927,76.44,4.389970015238586,2.5152595516655727,2.539986340956364,0.057430272308197104,0.0329050176826998,76.0,5.1891,0.06827763157894737,7.0,72.8,81.0,0.0,0.0,68.0,85.0,1.7241379310344827,0.0,1.7960415658114508,5.885276509378021,0.3051753920057128,33.20726655355424,3.2768041794840395,2.2282032382080117,77.13959465339654,0.7,0.7105263157894737,0.9259259259259259,0.3,52.27272727272727,52.121436160144576,52.42861871050918,44.73684210526316,0.4129032258064516,0.5870967741935484,1.1547005383792515,1.3768926368215255,0.5952973419159597,0.4047026580840403,4.5408153710921555,3.7439919013654315,0.579742847060225,0.42025715293977484,3.3130301513629576,2.8207542157039556,1.3182875421399372,0.15208676749378514,1.4346586645598824,1.3586152808129899,1.2297351321625873,0.22973513216258734,-1.0,0.00016738570123168043,0.00490765136107622,0.12083932107480422,3.8981719394718395,1.0102481609183087,2.19649714261162,1.621374485999591,2.048984160564338,0.5643856189774724
1,94.69552341359449,82.3695652173913,3.87217249186594,2.2459840703897354,2.2703624059928087,0.04700974785585465,0.02726715947160935,83.0,4.4478,0.05358795180722892,5.75,79.0,86.0,0.0,0.0,75.0,89.0,1.7692307692307692,0.0,1.6053886530285202,5.286967013517316,0.3036502117232781,26.66469758195339,3.2932629762541317,2.132906772451579,69.64549088917381,0.5434782608695652,0.5135135135135135,0.7368421052631579,0.2727272727272727,48.10126582278481,48.099360334385345,48.10608842763371,45.94594594594595,0.3964757709251102,0.60352422907489,1.0112997936948631,1.2477252028464367,0.5326888908964978,0.4673111091035025,3.8587213736846353,3.6141789610213775,0.521180541196256,0.47881945880374405,2.8206788112489796,2.7036186624695935,1.5187426532420363,0.8189343107417066,1.6675213782919944,1.7859173294323512,0.16610824805206903,-0.4942089119274389,-0.3554268033621331,0.00018547597858059942,0.04251469208284084,0.24723494806990098,3.6230580864361013,1.1034508405277739,1.9936214890747792,1.5465017059499475,2.509904711773604,0.960619470618611
1,101.08487459702576,77.16,4.229922564061804,2.5714285714285716,2.598076211353316,0.054820147279183565,0.033325927571650746,76.0,4.4478,0.05852368421052632,5.0,73.8,79.0,0.0,0.0,72.0,91.0,1.5151515151515151,0.0,1.8371173070873834,5.74552472988923,0.3197475241086991,33.16014794929599,3.1274675317268352,2.2275865695185404,71.87576818184864,0.58,0.6,0.7916666666666666,0.4444444444444444,49.999999999999986,50.005052829790664,49.99489089762182,45.0,0.4444444444444444,0.5555555555555556,1.224744871391589,1.369306393762915,0.6013103574806189,0.39868964251938127,4.455321417716784,3.6278320642778934,0.5867602100433535,0.4132397899566463,3.2672533522184883,2.7419122420860593,1.6410079009326353,0.2559379473540848,1.401469987756554,1.5130389272555929,1.0173460373347856,-0.015454031021221448,-0.06407816561611476,0.0006669017931167299,0.020488918109449913,0.36735133967565226,3.4047512502106967,0.9558175578861948,1.6415267368186106,1.5195262813303834,2.0980860384747557,0.9030169903639559
1,99.26676433622032,78.53061224489795,6.174888800673277,3.191786333700926,3.223844561833782,0.0786303407570142,0.04064384884390473,77.0,4.4478,0.057763636363636364,5.0,74.0,82.20000000000002,0.0,0.0,71.0,95.0,1.5806451612903225,0.0,2.279602351164041,8.499048236243032,0.26821854492400543,60.86663086175555,3.728302978764316,2.4913493729659306,126.748107423386,0.5714285714285714,0.5526315789473684,0.8095238095238095,0.25,47.78761061946903,47.71002114743759,47.872102946840414,39.473684210526315,0.3517382413087935,0.6482617586912066,1.3526962830001985,1.8363933199431746,0.6441250228840091,0.355874977115991,6.821115125430263,5.070129127311482,0.6244825520214698,0.3755174479785302,4.917184091958327,3.8130401121116075,1.3822143325378728,0.4848996696401424,1.046161596828631,1.2886114316487023,1.2996975547556335,-0.04516029527147092,0.0,0.00010890950436322391,0.014493385793292143,0.5916339235538537,3.7334688345767586,0.9631425427044997,1.626606045682813,1.4789865410719292,2.0200360799830137,0.9166873214881973
1,96.31571726898063,81.2127659574468,3.9005917623108437,2.5917930674241387,2.6129554592231488,0.048029293379253254,0.03191361649697001,81.0,4.4478,0.05491111111111111,6.5,78.0,85.0,0.0,0.0,75.0,90.0,1.88,0.0,1.8476385241550979,5.171946811059169,0.3572423676524078,30.02070808280363,2.7992200549207733,2.184391041467567,57.90966894600146,0.574468085106383,0.5641025641025641,0.8181818181818182,0.16666666666666666,54.736842105263136,54.797453946714704,54.67253564015733,48.717948717948715,0.5889967637540453,0.4110032362459548,1.4220486005134358,1.1879019787470306,0.5161348866116512,0.4838651133883487,3.7156573490853275,3.5976275905954074,0.5244231401565432,0.47557685984345666,2.813212732627416,2.678995650586655,1.474850273023777,1.1841409851238227,1.682945152116421,1.8797325635278859,-0.22484596239966237,-0.7985498110433955,-0.33381420465664624,0.000408685486099571,0.09185274483262085,0.10927368125700454,3.763507799180104,1.2439433141937557,2.3030541506371205,1.609220539481483,2.0005213272539177,0.8272791906753929
1,96.03903676421841,81.06382978723404,4.0454174574672,2.201777937703192,2.22339341117796,0.04990409986901795,0.02716104017639108,82.0,4.4478,0.05424146341463414,7.0,76.2,84.80000000000001,0.0,0.0,73.0,88.0,1.6206896551724137,0.0,1.5721765582894252,5.492397028690928,0.2862459778629918,27.127708664193193,3.4934988692789184,2.140383222686824,76.7507312374506,0.5531914893617021,0.6153846153846154,0.8333333333333334,0.2727272727272727,46.987951807228924,47.1277863972896,46.84762476129833,51.28205128205128,0.4439461883408073,0.556053811659193,1.0488088481701514,1.1737877907772671,0.5277525573143735,0.47224744268562674,3.990038596620398,3.7743896351930157,0.5213914413966626,0.47860855860333723,2.9172253943191016,2.7949771820204763,1.45036814988626,0.4863670209402615,1.6002571876155232,1.5531171526790337,0.8738850718075106,0.17313672974776662,-0.59692276183808,0.00021358379599265,0.023267927671985843,0.23985656181195347,3.5460010220200195,1.0094518417798835,1.892266232031401,1.616020294260972,1.86867082804706,0.9454619322004489
1,96.17176164179894,81.1063829787234,4.755930131462841,2.570738347668606,2.593190637257396,0.05863817318435297,0.031695882041034754,81.0,5.9304,0.07321481481481482,7.5,76.0,86.60000000000001,0.0,0.0,75.0,91.0,2.35,0.0,1.8336626845141692,6.369993060765678,0.28785944772972194,36.695117189655875,3.4739175937658424,2.2715783889640444,88.51532386384086,0.6382978723404256,0.6216216216216216,0.8260869565217391,0.3333333333333333,54.44444444444444,54.13098021639111,54.773318296059855,43.24324324324324,0.5296052631578947,0.4703947368421052,1.3374935098492584,1.260511360079269,0.5757328939644759,0.42426710603552437,4.83336375281043,4.1491452646564655,0.5721881244988478,0.4278118755011522,3.5461453760294863,3.066292167758159,1.662447463726515,0.2657691882323876,1.6601973508004626,1.5903276552583772,1.0162676686466532,0.547854078078259,-0.7628961468663239,8.476596598967283e-05,0.006683091508850178,0.16954734913178227,3.772703618446692,1.0475228885382484,1.9054532711000327,1.4504866659954818,2.7186778900980393,0.8272791906753929
1,98.41846862937551,79.08333333333333,3.33794007909537,1.856558243265828,1.8761367198779453,0.04220788298118487,0.02347597357132765,79.0,4.4478,0.05630126582278481,6.0,76.0,82.0,0.0,0.0,74.0,86.0,2.0,0.0,1.3266289970587812,4.503621730968552,0.2945693657920678,18.76986998964027,3.394786139119046,1.9804313744330377,61.155330512509465,0.6458333333333334,0.6578947368421053,0.84,0.2857142857142857,48.4375,48.5160872560662,48.35739451854116,50.0,0.4506172839506172,0.5493827160493827,0.8907739673281685,0.9835605239881406,0.5267952840300107,0.47320471596998936,3.2687585730205972,3.0980358433944115,0.5207100591715975,0.4792899408284025,2.395648228514071,2.2983926330486213,1.5091510585421823,0.2692281985708376,1.2399228599713448,1.3745369592567636,1.0174574775144083,-0.10658668908516722,0.0,0.0002912585761673457,0.013220383209258217,0.3536151299760628,3.3390801305781417,0.85347541967464,1.7241760074426855,1.6022628435275867,1.9310120381215428,0.8144736980218353
1,98.41540569143328,79.125,4.615538049822762,2.062842492517587,2.0811474811057624,0.05833223443693854,0.026070679210332855,78.0,2.9652,0.03801538461538461,5.0,75.4,82.0,0.0,0.0,74.0,94.0,1.6551724137931034,0.0,1.4715934965391866,6.348279101344407,0.23180982956901497,29.349029500013657,4.313880916349484,2.1745638547359736,109.54288026779956,0.4791666666666667,0.45454545454545453,0.6666666666666666,0.3,45.58823529411765,45.65268916481271,45.5391191870536,54.54545454545454,0.44499999999999995,0.555,0.9835605239881408,1.0984178344921547,0.497122055329405,0.502877944670595,4.475973719812164,4.5018115029526715,0.49445436873408527,0.5055456312659146,3.2405039766058743,3.276646803307264,1.6466673198916983,0.4967361260043406,1.7020715883243813,1.5503004122698765,0.6713000655334813,0.4749853269667934,-0.8055368194685696,0.0004107212998889461,0.021036028853361137,0.2978858643164144,3.549741990893844,0.7214061279190694,1.3904494722672542,1.3386531477516421,1.8199304611868976,0.5817669271584537
1,96.62448124692425,80.70833333333333,5.899723517983913,2.880602773800222,2.9114276104352674,0.07309931049644498,0.03569151604089072,80.0,5.9304,0.07413,7.25,76.0,84.0,0.0,0.0,71.0,97.0,2.1818181818181817,0.0,2.0586902062725234,8.167901572387319,0.25204640237490133,52.826442729971355,3.9675234027445874,2.4298214767577804,129.62536255904402,0.5625,0.5405405405405405,0.75,0.3333333333333333,49.0,48.971566374308,49.033842387528324,56.75675675675676,0.5153846153846154,0.48461538461538467,1.4781010143747457,1.4332996288588635,0.36591984616335493,0.634080153836645,4.940870577010839,6.504030599361889,0.3748496163743878,0.6251503836256121,3.6467097956560153,4.709392841095481,1.6798903665630966,0.7463209141081855,1.7266880402441003,2.0530508236171894,-0.19189489470073084,-1.182125309208269,-0.06270449185646151,0.00034150107134380735,0.04553440357542204,0.5535581690431144,3.9719224597790617,0.8948872682419986,1.7011931459085783,1.4222113150858868,1.8526439806329453,0.8144736980218353
1,99.6923055792537,78.22916666666667,3.866052928792744,1.6885093514065102,1.7018790290197499,0.049419584708935205,0.021584140843545267,78.0,3.7064999999999997,0.047519230769230765,4.5,74.4,82.0,0.0,0.0,72.0,86.0,1.92,0.0,1.2034102021790423,5.343735038604761,0.22520020051242107,20.2026564122659,4.440493381997874,2.0123785877915186,94.91528029629838,0.6458333333333334,0.5945945945945946,0.8181818181818182,0.5,45.161290322580655,45.27401694430318,45.052779223624015,54.054054054054056,0.4776119402985075,0.5223880597014926,0.834057656228299,0.8722783759886469,0.5138544112482634,0.4861455887517366,3.8305837387373742,3.725873371886517,0.5120955180968783,0.48790448190312186,2.7720952322559413,2.7058272255033575,1.6924666618242137,1.117342612278513,1.9500106392859933,1.6582596580805564,0.7154794406747946,1.1789189750947386,-0.7611114782515015,0.0004194977947333188,0.08287633046984948,0.1948136884753997,3.698601303971483,0.8528823470126233,1.9951569907244908,1.342099198889838,1.815329431155362,0.5817669271584537
1,99.47119572216629,78.42857142857143,3.872983346207417,2.169869427715256,2.1827011699183925,0.049382301317763055,0.027666823304201806,78.0,4.4478,0.05702307692307692,6.0,74.6,81.4,0.0,0.0,72.0,88.0,1.75,0.0,1.543402798553106,5.211144631344857,0.29617347199876026,25.267500498048356,3.3763996257037694,2.109532392895001,70.37962713104393,0.5714285714285714,0.5428571428571428,0.6842105263157895,0.4,56.57894736842105,56.59288095544004,56.55947908787166,45.714285714285715,0.5619469026548672,0.43805309734513276,1.1623527131586322,1.0262511823923526,0.5129439801514754,0.4870560198485243,3.7322273881150037,3.6368265138989764,0.5169295825335892,0.4830704174664109,2.764107912725458,2.6720496422746605,1.6182147892678844,0.8012526770639963,1.8174464722788102,2.018841127799883,-0.015328076025864945,-1.0191095589587857,-0.24865025567335866,0.0008960727464352347,0.07031216286617667,0.2903875437826944,3.501140712428715,1.0762535988067414,1.7947683279600324,1.5438362789048332,1.77616728896767,0.8021014063021725
1,101.94460525982505,76.38,4.425759475929019,1.6536909861128892,1.6524049675762744,0.05794395752721942,0.021650837733868673,77.0,4.4478,0.057763636363636364,6.75,71.8,80.0,0.0,0.0,70.0,86.0,1.7857142857142858,0.0,1.1684267578395207,6.044653847496515,0.1932992008009594,22.188237324223557,5.1733271314955,2.053092912384449,125.08388699900954,0.62,0.5675675675675675,0.8095238095238095,0.375,40.322580645161295,40.69465143074932,39.950104694329205,56.75675675675676,0.3507462686567164,0.6492537313432837,0.6997023176561109,0.9519716382329885,0.42413094262455664,0.5758690573754432,3.9366011454515073,4.587048240174099,0.4214306300866008,0.5785693699133991,2.8272258409705664,3.3126470954271823,1.6645390415743193,0.37370060730041565,1.302571041819136,1.489421345469344,1.0570971908210876,-0.3469740337425664,0.0,0.0002834885937097066,0.017076445851088338,0.2158036087197206,3.792949440895039,0.7670478329483184,1.8969011056814327,1.3462119700100943,1.5338585125777346,0.45150849518197794
1,102.22673922963595,76.34,2.5202040733695696,1.927248223318863,1.9454726792166042,0.033012890665045445,0.025245588463700064,76.5,2.2239,0.02907058823529412,4.0,74.0,78.0,0.0,0.0,72.0,83.0,1.1627906976744187,0.0,1.3756569240872214,3.301527681848754,0.4166728425905234,14.268389430350506,2.399964427205853,1.8613450640864948,31.694195967489648,0.72,0.725,0.9655172413793104,0.25,47.2972972972973,47.2709719194825,47.32570390847775,55.00000000000001,0.48901098901098905,0.5109890109890111,0.9628516673576117,0.9842509842514763,0.4792256567954639,0.5207743432045361,2.285519724165945,2.382537434010645,0.48067544402130874,0.5193245559786911,1.7536652677870013,1.8228047926837954,1.3886361990609366,0.2129368313272666,1.4043453559926453,1.49510461472457,0.6125636995077173,-0.3918928895228886,-0.07377378931484622,3.7889246884403637e-05,0.0038949566958404644,0.30958907462899,3.1970822612219774,1.1796920379263671,2.227608654079325,1.6599458524878405,2.821151794236839,0.9030169903639559
1,100.94675907977367,77.3,8.015928021184841,4.090806018078958,4.129905864421076,0.10369893947199019,0.052921164528835156,75.0,5.1891,0.069188,10.75,72.0,83.60000000000001,0.0,0.0,63.0,98.0,1.9230769230769231,0.0,2.920284442394233,11.008770467717289,0.2652689009147599,100.99824894600145,3.769759653512247,2.7112839542426377,166.00167497591113,0.48,0.4666666666666667,0.7619047619047619,0.25,47.297297297297305,47.125633991721614,47.4852925928532,53.333333333333336,0.5414634146341465,0.45853658536585373,2.1505813167606567,1.9790570145063195,0.4430474307977788,0.5569525692022209,7.327636681522058,8.215763377465098,0.4495270894263007,0.5504729105736993,5.399965709909074,5.9755934659732075,1.5579971164354747,0.1640430592652533,1.419948913012389,1.4867056624879913,0.516737536578117,-0.5137920237359315,-0.09305349598693786,0.0002266399436460661,0.0069185770339710104,0.4294441974888725,4.071789011092169,0.9475222225988664,1.4927180911346911,1.5499834756877193,2.0069925021735173,0.6772627427729669
